20150105,3350.519000,158.280000,WW_MIXBONDEQUITY
20150106,3351.446000,158.400000,WW_MIXBONDEQUITY
20150107,3373.954000,158.390000,WW_MIXBONDEQUITY
20150108,3293.456000,158.480000,WW_MIXBONDEQUITY
20150109,3285.412000,158.560000,WW_MIXBONDEQUITY
20150112,3229.316000,158.680000,WW_MIXBONDEQUITY
20150113,3235.301000,158.860000,WW_MIXBONDEQUITY
20150114,3222.437000,159.030000,WW_MIXBONDEQUITY
20150115,3336.455000,159.350000,WW_MIXBONDEQUITY
20150116,3376.495000,159.610000,WW_MIXBONDEQUITY
20150119,3116.350000,159.860000,WW_MIXBONDEQUITY
20150120,3173.052000,159.910000,WW_MIXBONDEQUITY
20150121,3323.611000,160.030000,WW_MIXBONDEQUITY
20150122,3343.343000,160.210000,WW_MIXBONDEQUITY
20150123,3351.764000,160.280000,WW_MIXBONDEQUITY
20150126,3383.182000,160.440000,WW_MIXBONDEQUITY
20150127,3352.960000,160.410000,WW_MIXBONDEQUITY
20150128,3305.738000,160.250000,WW_MIXBONDEQUITY
20150129,3262.305000,160.160000,WW_MIXBONDEQUITY
20150130,3210.363000,160.050000,WW_MIXBONDEQUITY
20150202,3128.300000,160.030000,WW_MIXBONDEQUITY
20150203,3204.907000,160.070000,WW_MIXBONDEQUITY
20150204,3174.126000,160.130000,WW_MIXBONDEQUITY
20150205,3136.531000,160.450000,WW_MIXBONDEQUITY
20150206,3075.907000,160.260000,WW_MIXBONDEQUITY
20150209,3095.124000,160.310000,WW_MIXBONDEQUITY
20150210,3141.593000,160.280000,WW_MIXBONDEQUITY
20150211,3157.704000,160.280000,WW_MIXBONDEQUITY
20150212,3173.416000,160.490000,WW_MIXBONDEQUITY
20150213,3203.827000,160.680000,WW_MIXBONDEQUITY
20150216,3222.363000,160.970000,WW_MIXBONDEQUITY
20150217,3246.906000,161.120000,WW_MIXBONDEQUITY
20150225,3228.843000,161.350000,WW_MIXBONDEQUITY
20150226,3298.358000,161.310000,WW_MIXBONDEQUITY
20150227,3310.303000,161.290000,WW_MIXBONDEQUITY
20150302,3336.285000,161.320000,WW_MIXBONDEQUITY
20150303,3263.053000,161.160000,WW_MIXBONDEQUITY
20150304,3279.533000,161.090000,WW_MIXBONDEQUITY
20150305,3248.476000,160.950000,WW_MIXBONDEQUITY
20150306,3241.188000,160.800000,WW_MIXBONDEQUITY
20150309,3302.408000,160.710000,WW_MIXBONDEQUITY
20150310,3286.068000,160.700000,WW_MIXBONDEQUITY
20150311,3290.900000,160.780000,WW_MIXBONDEQUITY
20150312,3349.323000,161.000000,WW_MIXBONDEQUITY
20150313,3372.911000,160.970000,WW_MIXBONDEQUITY
20150316,3449.305000,160.850000,WW_MIXBONDEQUITY
20150317,3502.847000,160.670000,WW_MIXBONDEQUITY
20150318,3577.302000,160.770000,WW_MIXBONDEQUITY
20150319,3582.271000,160.640000,WW_MIXBONDEQUITY
20150320,3617.318000,160.800000,WW_MIXBONDEQUITY
20150323,3687.728000,160.870000,WW_MIXBONDEQUITY
20150324,3691.410000,160.830000,WW_MIXBONDEQUITY
20150325,3660.727000,160.740000,WW_MIXBONDEQUITY
20150326,3682.095000,160.580000,WW_MIXBONDEQUITY
20150327,3691.096000,160.250000,WW_MIXBONDEQUITY
20150330,3786.568000,160.200000,WW_MIXBONDEQUITY
20150331,3747.899000,159.810000,WW_MIXBONDEQUITY
20150401,3810.294000,159.740000,WW_MIXBONDEQUITY
20150402,3825.784000,160.090000,WW_MIXBONDEQUITY
20150403,3863.929000,160.200000,WW_MIXBONDEQUITY
20150407,3961.378000,160.100000,WW_MIXBONDEQUITY
20150408,3994.811000,159.910000,WW_MIXBONDEQUITY
20150409,3957.534000,159.710000,WW_MIXBONDEQUITY
20150410,4034.309000,159.810000,WW_MIXBONDEQUITY
20150413,4121.714000,159.920000,WW_MIXBONDEQUITY
20150414,4135.565000,160.140000,WW_MIXBONDEQUITY
20150415,4084.163000,160.330000,WW_MIXBONDEQUITY
20150416,4194.822000,160.560000,WW_MIXBONDEQUITY
20150417,4287.295000,160.600000,WW_MIXBONDEQUITY
20150420,4217.078000,161.140000,WW_MIXBONDEQUITY
20150421,4293.623000,161.640000,WW_MIXBONDEQUITY
20150422,4398.495000,161.700000,WW_MIXBONDEQUITY
20150423,4414.507000,161.680000,WW_MIXBONDEQUITY
20150424,4393.686000,161.590000,WW_MIXBONDEQUITY
20150427,4527.396000,161.700000,WW_MIXBONDEQUITY
20150428,4476.214000,161.790000,WW_MIXBONDEQUITY
20150429,4476.620000,161.830000,WW_MIXBONDEQUITY
20150430,4441.655000,161.970000,WW_MIXBONDEQUITY
20150504,4480.464000,162.110000,WW_MIXBONDEQUITY
20150505,4298.706000,162.040000,WW_MIXBONDEQUITY
20150506,4229.266000,161.990000,WW_MIXBONDEQUITY
20150507,4112.214000,161.940000,WW_MIXBONDEQUITY
20150508,4205.917000,161.990000,WW_MIXBONDEQUITY
20150511,4333.584000,162.280000,WW_MIXBONDEQUITY
20150512,4401.220000,162.400000,WW_MIXBONDEQUITY
20150513,4375.760000,162.620000,WW_MIXBONDEQUITY
20150514,4378.312000,162.920000,WW_MIXBONDEQUITY
20150515,4308.691000,163.170000,WW_MIXBONDEQUITY
20150518,4283.491000,163.280000,WW_MIXBONDEQUITY
20150519,4417.552000,163.080000,WW_MIXBONDEQUITY
20150520,4446.288000,163.020000,WW_MIXBONDEQUITY
20150521,4529.421000,163.050000,WW_MIXBONDEQUITY
20150522,4657.596000,163.100000,WW_MIXBONDEQUITY
20150525,4813.797000,163.120000,WW_MIXBONDEQUITY
20150526,4910.897000,162.970000,WW_MIXBONDEQUITY
20150527,4941.714000,162.830000,WW_MIXBONDEQUITY
20150528,4620.266000,162.700000,WW_MIXBONDEQUITY
20150529,4611.744000,162.650000,WW_MIXBONDEQUITY
20150601,4828.738000,162.570000,WW_MIXBONDEQUITY
20150602,4910.527000,162.650000,WW_MIXBONDEQUITY
20150603,4909.978000,162.720000,WW_MIXBONDEQUITY
20150604,4947.102000,162.840000,WW_MIXBONDEQUITY
20150605,5023.095000,162.870000,WW_MIXBONDEQUITY
20150608,5131.881000,162.970000,WW_MIXBONDEQUITY
20150609,5113.534000,163.060000,WW_MIXBONDEQUITY
20150610,5106.036000,163.070000,WW_MIXBONDEQUITY
20150611,5121.593000,162.960000,WW_MIXBONDEQUITY
20150612,5166.350000,162.880000,WW_MIXBONDEQUITY
20150615,5062.993000,162.950000,WW_MIXBONDEQUITY
20150616,4887.432000,162.940000,WW_MIXBONDEQUITY
20150617,4967.898000,162.970000,WW_MIXBONDEQUITY
20150618,4785.356000,163.070000,WW_MIXBONDEQUITY
20150619,4478.364000,163.160000,WW_MIXBONDEQUITY
20150623,4576.492000,163.130000,WW_MIXBONDEQUITY
20150624,4690.150000,163.210000,WW_MIXBONDEQUITY
20150625,4527.779000,163.180000,WW_MIXBONDEQUITY
20150626,4192.873000,163.220000,WW_MIXBONDEQUITY
20150629,4053.031000,163.360000,WW_MIXBONDEQUITY
20150630,4277.222000,163.340000,WW_MIXBONDEQUITY
20150701,4053.700000,163.370000,WW_MIXBONDEQUITY
20150702,3912.767000,163.360000,WW_MIXBONDEQUITY
20150703,3686.915000,163.380000,WW_MIXBONDEQUITY
20150706,3775.912000,163.710000,WW_MIXBONDEQUITY
20150707,3727.125000,164.030000,WW_MIXBONDEQUITY
20150708,3507.192000,164.380000,WW_MIXBONDEQUITY
20150709,3709.331000,164.250000,WW_MIXBONDEQUITY
20150710,3877.803000,164.170000,WW_MIXBONDEQUITY
20150713,3970.388000,164.190000,WW_MIXBONDEQUITY
20150714,3924.487000,164.120000,WW_MIXBONDEQUITY
20150715,3805.703000,164.120000,WW_MIXBONDEQUITY
20150716,3823.175000,164.210000,WW_MIXBONDEQUITY
20150717,3957.352000,164.270000,WW_MIXBONDEQUITY
20150720,3992.109000,164.410000,WW_MIXBONDEQUITY
20150721,4017.675000,164.500000,WW_MIXBONDEQUITY
20150722,4026.045000,164.530000,WW_MIXBONDEQUITY
20150723,4123.923000,164.670000,WW_MIXBONDEQUITY
20150724,4070.908000,164.900000,WW_MIXBONDEQUITY
20150727,3725.558000,164.980000,WW_MIXBONDEQUITY
20150728,3663.002000,165.130000,WW_MIXBONDEQUITY
20150729,3789.168000,165.230000,WW_MIXBONDEQUITY
20150730,3705.766000,165.340000,WW_MIXBONDEQUITY
20150731,3663.725000,165.330000,WW_MIXBONDEQUITY
20150803,3622.905000,165.320000,WW_MIXBONDEQUITY
20150804,3756.545000,165.380000,WW_MIXBONDEQUITY
20150805,3694.574000,165.530000,WW_MIXBONDEQUITY
20150806,3661.539000,165.570000,WW_MIXBONDEQUITY
20150807,3744.205000,165.710000,WW_MIXBONDEQUITY
20150810,3928.415000,165.850000,WW_MIXBONDEQUITY
20150811,3927.908000,165.700000,WW_MIXBONDEQUITY
20150812,3886.320000,165.470000,WW_MIXBONDEQUITY
20150813,3954.556000,165.550000,WW_MIXBONDEQUITY
20150814,3965.335000,165.670000,WW_MIXBONDEQUITY
20150817,3993.668000,165.780000,WW_MIXBONDEQUITY
20150818,3748.164000,165.790000,WW_MIXBONDEQUITY
20150819,3794.109000,165.780000,WW_MIXBONDEQUITY
20150820,3664.291000,165.800000,WW_MIXBONDEQUITY
20150821,3507.744000,165.930000,WW_MIXBONDEQUITY
20150824,3209.905000,166.020000,WW_MIXBONDEQUITY
20150825,2964.967000,166.180000,WW_MIXBONDEQUITY
20150826,2927.288000,166.300000,WW_MIXBONDEQUITY
20150827,3083.591000,166.350000,WW_MIXBONDEQUITY
20150828,3232.349000,166.470000,WW_MIXBONDEQUITY
20150831,3205.986000,166.630000,WW_MIXBONDEQUITY
20150901,3166.624000,166.860000,WW_MIXBONDEQUITY
20150902,3160.167000,166.870000,WW_MIXBONDEQUITY
20150907,3080.420000,167.030000,WW_MIXBONDEQUITY
20150908,3170.452000,166.900000,WW_MIXBONDEQUITY
20150909,3243.089000,166.940000,WW_MIXBONDEQUITY
20150910,3197.893000,166.920000,WW_MIXBONDEQUITY
20150911,3200.234000,166.960000,WW_MIXBONDEQUITY
20150914,3114.798000,167.100000,WW_MIXBONDEQUITY
20150915,3005.172000,167.130000,WW_MIXBONDEQUITY
20150916,3152.263000,167.230000,WW_MIXBONDEQUITY
20150917,3086.061000,167.240000,WW_MIXBONDEQUITY
20150918,3097.917000,167.250000,WW_MIXBONDEQUITY
20150921,3156.540000,167.290000,WW_MIXBONDEQUITY
20150922,3185.619000,167.220000,WW_MIXBONDEQUITY
20150923,3115.888000,167.210000,WW_MIXBONDEQUITY
20150924,3142.687000,167.220000,WW_MIXBONDEQUITY
20150925,3092.347000,167.260000,WW_MIXBONDEQUITY
20150928,3100.756000,167.340000,WW_MIXBONDEQUITY
20150929,3038.137000,167.440000,WW_MIXBONDEQUITY
20150930,3052.782000,167.540000,WW_MIXBONDEQUITY
20151008,3143.357000,167.690000,WW_MIXBONDEQUITY
20151009,3183.152000,167.830000,WW_MIXBONDEQUITY
20151012,3287.662000,168.070000,WW_MIXBONDEQUITY
20151013,3293.230000,168.140000,WW_MIXBONDEQUITY
20151014,3262.441000,168.420000,WW_MIXBONDEQUITY
20151015,3338.073000,168.500000,WW_MIXBONDEQUITY
20151016,3391.352000,168.420000,WW_MIXBONDEQUITY
20151019,3386.700000,168.440000,WW_MIXBONDEQUITY
20151020,3425.330000,168.570000,WW_MIXBONDEQUITY
20151021,3320.676000,168.700000,WW_MIXBONDEQUITY
20151022,3368.739000,168.750000,WW_MIXBONDEQUITY
20151023,3412.434000,168.880000,WW_MIXBONDEQUITY
20151026,3429.581000,169.080000,WW_MIXBONDEQUITY
20151027,3434.336000,169.350000,WW_MIXBONDEQUITY
20151028,3375.196000,169.550000,WW_MIXBONDEQUITY
20151029,3387.315000,169.500000,WW_MIXBONDEQUITY
20151030,3382.561000,169.460000,WW_MIXBONDEQUITY
20151102,3325.085000,169.480000,WW_MIXBONDEQUITY
20151103,3316.695000,169.470000,WW_MIXBONDEQUITY
20151104,3459.640000,169.350000,WW_MIXBONDEQUITY
20151105,3522.819000,169.150000,WW_MIXBONDEQUITY
20151106,3590.032000,169.190000,WW_MIXBONDEQUITY
20151109,3646.881000,168.990000,WW_MIXBONDEQUITY
20151110,3640.485000,168.610000,WW_MIXBONDEQUITY
20151111,3650.249000,168.730000,WW_MIXBONDEQUITY
20151112,3632.902000,168.810000,WW_MIXBONDEQUITY
20151113,3580.839000,168.910000,WW_MIXBONDEQUITY
20151116,3606.958000,168.910000,WW_MIXBONDEQUITY
20151117,3604.795000,168.930000,WW_MIXBONDEQUITY
20151118,3568.468000,168.960000,WW_MIXBONDEQUITY
20151119,3617.062000,168.860000,WW_MIXBONDEQUITY
20151120,3630.500000,168.910000,WW_MIXBONDEQUITY
20151123,3610.314000,169.000000,WW_MIXBONDEQUITY
20151124,3616.113000,169.010000,WW_MIXBONDEQUITY
20151125,3647.930000,169.170000,WW_MIXBONDEQUITY
20151126,3635.552000,169.250000,WW_MIXBONDEQUITY
20151127,3436.303000,169.320000,WW_MIXBONDEQUITY
20151130,3445.405000,169.450000,WW_MIXBONDEQUITY
20151201,3456.309000,169.580000,WW_MIXBONDEQUITY
20151202,3536.905000,169.620000,WW_MIXBONDEQUITY
20151203,3584.824000,169.720000,WW_MIXBONDEQUITY
20151204,3524.992000,169.890000,WW_MIXBONDEQUITY
20151207,3536.927000,170.020000,WW_MIXBONDEQUITY
20151208,3470.070000,170.170000,WW_MIXBONDEQUITY
20151209,3472.439000,170.150000,WW_MIXBONDEQUITY
20151210,3455.495000,170.330000,WW_MIXBONDEQUITY
20151211,3434.582000,170.400000,WW_MIXBONDEQUITY
20151214,3520.668000,170.420000,WW_MIXBONDEQUITY
20151215,3510.354000,170.420000,WW_MIXBONDEQUITY
20151216,3516.187000,170.520000,WW_MIXBONDEQUITY
20151217,3579.999000,170.590000,WW_MIXBONDEQUITY
20151218,3578.964000,170.750000,WW_MIXBONDEQUITY
20151221,3642.472000,171.050000,WW_MIXBONDEQUITY
20151222,3651.767000,171.390000,WW_MIXBONDEQUITY
20151223,3636.089000,171.440000,WW_MIXBONDEQUITY
20151224,3612.485000,171.610000,WW_MIXBONDEQUITY
20151225,3627.914000,171.890000,WW_MIXBONDEQUITY
20151228,3533.779000,172.110000,WW_MIXBONDEQUITY
20151229,3563.736000,172.180000,WW_MIXBONDEQUITY
20151230,3572.876000,172.240000,WW_MIXBONDEQUITY
20151231,3539.182000,172.150000,WW_MIXBONDEQUITY
20160104,3296.258000,172.070000,WW_MIXBONDEQUITY
20160105,3287.710000,171.880000,WW_MIXBONDEQUITY
20160106,3361.840000,171.920000,WW_MIXBONDEQUITY
20160107,3125.002000,172.140000,WW_MIXBONDEQUITY
20160108,3186.412000,172.260000,WW_MIXBONDEQUITY
20160111,3016.704000,172.370000,WW_MIXBONDEQUITY
20160112,3022.861000,172.600000,WW_MIXBONDEQUITY
20160113,2949.597000,172.900000,WW_MIXBONDEQUITY
20160114,3007.649000,173.080000,WW_MIXBONDEQUITY
20160115,2900.970000,173.010000,WW_MIXBONDEQUITY
20160118,2913.837000,172.960000,WW_MIXBONDEQUITY
20160119,3007.739000,172.930000,WW_MIXBONDEQUITY
20160120,2976.694000,172.800000,WW_MIXBONDEQUITY
20160121,2880.482000,172.780000,WW_MIXBONDEQUITY
20160122,2916.563000,172.940000,WW_MIXBONDEQUITY
20160125,2938.515000,172.790000,WW_MIXBONDEQUITY
20160126,2749.785000,172.660000,WW_MIXBONDEQUITY
20160127,2735.558000,172.490000,WW_MIXBONDEQUITY
20160128,2655.661000,172.360000,WW_MIXBONDEQUITY
20160129,2737.600000,172.530000,WW_MIXBONDEQUITY
20160201,2688.854000,172.590000,WW_MIXBONDEQUITY
20160202,2749.570000,172.590000,WW_MIXBONDEQUITY
20160203,2739.247000,172.470000,WW_MIXBONDEQUITY
20160204,2781.023000,172.530000,WW_MIXBONDEQUITY
20160205,2763.492000,172.550000,WW_MIXBONDEQUITY
20160215,2746.196000,172.910000,WW_MIXBONDEQUITY
20160216,2836.571000,172.870000,WW_MIXBONDEQUITY
20160217,2867.338000,172.850000,WW_MIXBONDEQUITY
20160218,2862.893000,172.860000,WW_MIXBONDEQUITY
20160219,2860.021000,172.980000,WW_MIXBONDEQUITY
20160222,2927.175000,173.040000,WW_MIXBONDEQUITY
20160223,2903.331000,173.060000,WW_MIXBONDEQUITY
20160224,2928.896000,173.070000,WW_MIXBONDEQUITY
20160225,2741.245000,173.060000,WW_MIXBONDEQUITY
20160226,2767.210000,173.030000,WW_MIXBONDEQUITY
20160229,2687.979000,173.110000,WW_MIXBONDEQUITY
20160301,2733.170000,173.210000,WW_MIXBONDEQUITY
20160302,2849.681000,173.220000,WW_MIXBONDEQUITY
20160303,2859.758000,173.290000,WW_MIXBONDEQUITY
20160304,2874.147000,173.330000,WW_MIXBONDEQUITY
20160307,2897.340000,173.370000,WW_MIXBONDEQUITY
20160308,2901.387000,173.270000,WW_MIXBONDEQUITY
20160309,2862.556000,173.390000,WW_MIXBONDEQUITY
20160310,2804.725000,173.580000,WW_MIXBONDEQUITY
20160311,2810.308000,173.700000,WW_MIXBONDEQUITY
20160314,2859.499000,173.800000,WW_MIXBONDEQUITY
20160315,2864.368000,173.850000,WW_MIXBONDEQUITY
20160316,2870.430000,174.000000,WW_MIXBONDEQUITY
20160317,2904.832000,174.090000,WW_MIXBONDEQUITY
20160318,2955.150000,174.130000,WW_MIXBONDEQUITY
20160321,3018.802000,174.150000,WW_MIXBONDEQUITY
20160322,2999.363000,174.130000,WW_MIXBONDEQUITY
20160323,3009.960000,174.190000,WW_MIXBONDEQUITY
20160324,2960.970000,174.250000,WW_MIXBONDEQUITY
20160325,2979.434000,174.270000,WW_MIXBONDEQUITY
20160328,2957.820000,174.210000,WW_MIXBONDEQUITY
20160329,2919.832000,174.220000,WW_MIXBONDEQUITY
20160330,3000.645000,174.300000,WW_MIXBONDEQUITY
20160331,3003.915000,174.310000,WW_MIXBONDEQUITY
20160401,3009.530000,174.310000,WW_MIXBONDEQUITY
20160405,3053.065000,174.410000,WW_MIXBONDEQUITY
20160406,3050.592000,174.340000,WW_MIXBONDEQUITY
20160407,3008.420000,174.290000,WW_MIXBONDEQUITY
20160408,2984.958000,174.220000,WW_MIXBONDEQUITY
20160411,3033.957000,174.270000,WW_MIXBONDEQUITY
20160412,3023.647000,174.190000,WW_MIXBONDEQUITY
20160413,3066.638000,174.060000,WW_MIXBONDEQUITY
20160414,3082.362000,173.750000,WW_MIXBONDEQUITY
20160415,3078.116000,173.670000,WW_MIXBONDEQUITY
20160418,3033.660000,173.780000,WW_MIXBONDEQUITY
20160419,3042.823000,173.770000,WW_MIXBONDEQUITY
20160420,2972.584000,173.600000,WW_MIXBONDEQUITY
20160421,2952.891000,173.400000,WW_MIXBONDEQUITY
20160422,2959.240000,173.270000,WW_MIXBONDEQUITY
20160425,2946.670000,173.090000,WW_MIXBONDEQUITY
20160426,2964.700000,172.820000,WW_MIXBONDEQUITY
20160427,2953.671000,172.830000,WW_MIXBONDEQUITY
20160428,2945.588000,172.970000,WW_MIXBONDEQUITY
20160429,2938.324000,173.020000,WW_MIXBONDEQUITY
20160503,2992.643000,173.190000,WW_MIXBONDEQUITY
20160504,2991.272000,173.210000,WW_MIXBONDEQUITY
20160505,2997.842000,173.190000,WW_MIXBONDEQUITY
20160506,2913.248000,173.210000,WW_MIXBONDEQUITY
20160509,2832.113000,173.310000,WW_MIXBONDEQUITY
20160510,2832.591000,173.520000,WW_MIXBONDEQUITY
20160511,2837.037000,173.560000,WW_MIXBONDEQUITY
20160512,2835.862000,173.660000,WW_MIXBONDEQUITY
20160513,2827.109000,173.770000,WW_MIXBONDEQUITY
20160516,2850.862000,173.780000,WW_MIXBONDEQUITY
20160517,2843.684000,173.740000,WW_MIXBONDEQUITY
20160518,2807.514000,173.650000,WW_MIXBONDEQUITY
20160519,2806.906000,173.570000,WW_MIXBONDEQUITY
20160520,2825.483000,173.590000,WW_MIXBONDEQUITY
20160523,2843.645000,173.630000,WW_MIXBONDEQUITY
20160524,2821.666000,173.660000,WW_MIXBONDEQUITY
20160525,2815.086000,173.670000,WW_MIXBONDEQUITY
20160526,2822.443000,173.680000,WW_MIXBONDEQUITY
20160527,2821.046000,173.700000,WW_MIXBONDEQUITY
20160530,2822.451000,173.730000,WW_MIXBONDEQUITY
20160531,2916.616000,173.700000,WW_MIXBONDEQUITY
20160601,2913.508000,173.720000,WW_MIXBONDEQUITY
20160602,2925.230000,173.680000,WW_MIXBONDEQUITY
20160603,2938.682000,173.670000,WW_MIXBONDEQUITY
20160606,2934.098000,173.760000,WW_MIXBONDEQUITY
20160607,2936.045000,173.810000,WW_MIXBONDEQUITY
20160608,2927.159000,173.830000,WW_MIXBONDEQUITY
20160613,2833.071000,173.930000,WW_MIXBONDEQUITY
20160614,2842.189000,174.060000,WW_MIXBONDEQUITY
20160615,2887.210000,174.120000,WW_MIXBONDEQUITY
20160616,2872.817000,174.240000,WW_MIXBONDEQUITY
20160617,2885.105000,174.300000,WW_MIXBONDEQUITY
20160620,2888.809000,174.380000,WW_MIXBONDEQUITY
20160621,2878.557000,174.380000,WW_MIXBONDEQUITY
20160622,2905.550000,174.450000,WW_MIXBONDEQUITY
20160623,2891.960000,174.500000,WW_MIXBONDEQUITY
20160624,2854.286000,174.610000,WW_MIXBONDEQUITY
20160627,2895.703000,174.950000,WW_MIXBONDEQUITY
20160628,2912.557000,175.020000,WW_MIXBONDEQUITY
20160629,2931.592000,174.940000,WW_MIXBONDEQUITY
20160630,2929.606000,174.950000,WW_MIXBONDEQUITY
20160701,2932.476000,175.080000,WW_MIXBONDEQUITY
20160704,2988.604000,175.240000,WW_MIXBONDEQUITY
20160705,3006.392000,175.220000,WW_MIXBONDEQUITY
20160706,3017.293000,175.260000,WW_MIXBONDEQUITY
20160707,3016.847000,175.380000,WW_MIXBONDEQUITY
20160708,2988.094000,175.550000,WW_MIXBONDEQUITY
20160711,2994.917000,175.670000,WW_MIXBONDEQUITY
20160712,3049.381000,175.680000,WW_MIXBONDEQUITY
20160713,3060.689000,175.670000,WW_MIXBONDEQUITY
20160714,3054.018000,175.680000,WW_MIXBONDEQUITY
20160715,3054.296000,175.740000,WW_MIXBONDEQUITY
20160718,3043.564000,175.810000,WW_MIXBONDEQUITY
20160719,3036.598000,175.900000,WW_MIXBONDEQUITY
20160720,3027.899000,176.040000,WW_MIXBONDEQUITY
20160721,3039.009000,176.290000,WW_MIXBONDEQUITY
20160722,3012.816000,176.380000,WW_MIXBONDEQUITY
20160725,3015.828000,176.400000,WW_MIXBONDEQUITY
20160726,3050.166000,176.410000,WW_MIXBONDEQUITY
20160727,2991.999000,176.450000,WW_MIXBONDEQUITY
20160728,2994.324000,176.570000,WW_MIXBONDEQUITY
20160729,2979.339000,176.660000,WW_MIXBONDEQUITY
20160801,2953.385000,176.770000,WW_MIXBONDEQUITY
20160802,2971.279000,176.830000,WW_MIXBONDEQUITY
20160803,2978.461000,176.910000,WW_MIXBONDEQUITY
20160804,2982.426000,176.980000,WW_MIXBONDEQUITY
20160805,2976.696000,177.070000,WW_MIXBONDEQUITY
20160808,3004.277000,177.240000,WW_MIXBONDEQUITY
20160809,3025.681000,177.390000,WW_MIXBONDEQUITY
20160810,3018.746000,177.600000,WW_MIXBONDEQUITY
20160811,3002.637000,177.720000,WW_MIXBONDEQUITY
20160812,3050.668000,177.810000,WW_MIXBONDEQUITY
20160815,3125.195000,178.110000,WW_MIXBONDEQUITY
20160816,3110.037000,178.180000,WW_MIXBONDEQUITY
20160817,3109.555000,178.050000,WW_MIXBONDEQUITY
20160818,3104.114000,178.040000,WW_MIXBONDEQUITY
20160819,3108.102000,177.990000,WW_MIXBONDEQUITY
20160822,3084.805000,177.990000,WW_MIXBONDEQUITY
20160823,3089.706000,178.000000,WW_MIXBONDEQUITY
20160824,3085.880000,177.860000,WW_MIXBONDEQUITY
20160825,3068.329000,177.880000,WW_MIXBONDEQUITY
20160826,3070.309000,177.880000,WW_MIXBONDEQUITY
20160829,3070.027000,177.950000,WW_MIXBONDEQUITY
20160830,3074.677000,177.880000,WW_MIXBONDEQUITY
20160831,3085.491000,177.850000,WW_MIXBONDEQUITY
20160901,3063.305000,177.850000,WW_MIXBONDEQUITY
20160902,3067.352000,177.920000,WW_MIXBONDEQUITY
20160905,3072.095000,177.920000,WW_MIXBONDEQUITY
20160906,3090.713000,177.900000,WW_MIXBONDEQUITY
20160907,3091.928000,177.880000,WW_MIXBONDEQUITY
20160908,3095.954000,177.920000,WW_MIXBONDEQUITY
20160909,3078.855000,177.990000,WW_MIXBONDEQUITY
20160912,3021.977000,177.970000,WW_MIXBONDEQUITY
20160913,3023.510000,178.020000,WW_MIXBONDEQUITY
20160914,3002.849000,178.090000,WW_MIXBONDEQUITY
20160919,3026.051000,178.220000,WW_MIXBONDEQUITY
20160920,3022.999000,178.290000,WW_MIXBONDEQUITY
20160921,3025.874000,178.300000,WW_MIXBONDEQUITY
20160922,3042.313000,178.380000,WW_MIXBONDEQUITY
20160923,3033.896000,178.490000,WW_MIXBONDEQUITY
20160926,2980.429000,178.660000,WW_MIXBONDEQUITY
20160927,2998.172000,178.700000,WW_MIXBONDEQUITY
20160928,2987.858000,178.700000,WW_MIXBONDEQUITY
20160929,2998.483000,178.740000,WW_MIXBONDEQUITY
20160930,3004.703000,178.790000,WW_MIXBONDEQUITY
20161010,3048.143000,179.190000,WW_MIXBONDEQUITY
20161011,3065.250000,179.280000,WW_MIXBONDEQUITY
20161012,3058.498000,179.260000,WW_MIXBONDEQUITY
20161013,3061.346000,179.290000,WW_MIXBONDEQUITY
20161014,3063.809000,179.420000,WW_MIXBONDEQUITY
20161017,3041.167000,179.540000,WW_MIXBONDEQUITY
20161018,3083.875000,179.580000,WW_MIXBONDEQUITY
20161019,3084.719000,179.660000,WW_MIXBONDEQUITY
20161020,3084.458000,179.870000,WW_MIXBONDEQUITY
20161021,3090.941000,179.950000,WW_MIXBONDEQUITY
20161024,3128.247000,179.970000,WW_MIXBONDEQUITY
20161025,3131.939000,179.910000,WW_MIXBONDEQUITY
20161026,3116.312000,179.740000,WW_MIXBONDEQUITY
20161027,3112.350000,179.700000,WW_MIXBONDEQUITY
20161028,3104.271000,179.770000,WW_MIXBONDEQUITY
20161031,3100.492000,179.730000,WW_MIXBONDEQUITY
20161101,3122.436000,179.660000,WW_MIXBONDEQUITY
20161102,3102.732000,179.690000,WW_MIXBONDEQUITY
20161103,3128.936000,179.730000,WW_MIXBONDEQUITY
20161104,3125.317000,179.740000,WW_MIXBONDEQUITY
20161107,3133.333000,179.740000,WW_MIXBONDEQUITY
20161108,3147.887000,179.660000,WW_MIXBONDEQUITY
20161109,3128.370000,179.630000,WW_MIXBONDEQUITY
20161110,3171.282000,179.540000,WW_MIXBONDEQUITY
20161111,3196.043000,179.410000,WW_MIXBONDEQUITY
20161114,3210.371000,179.290000,WW_MIXBONDEQUITY
20161115,3206.986000,179.050000,WW_MIXBONDEQUITY
20161116,3205.057000,178.900000,WW_MIXBONDEQUITY
20161117,3208.452000,178.700000,WW_MIXBONDEQUITY
20161118,3192.856000,178.520000,WW_MIXBONDEQUITY
20161121,3218.148000,178.550000,WW_MIXBONDEQUITY
20161122,3248.352000,178.600000,WW_MIXBONDEQUITY
20161123,3241.137000,178.660000,WW_MIXBONDEQUITY
20161124,3241.736000,178.730000,WW_MIXBONDEQUITY
20161125,3261.938000,178.700000,WW_MIXBONDEQUITY
20161128,3277.000000,178.740000,WW_MIXBONDEQUITY
20161129,3282.924000,178.630000,WW_MIXBONDEQUITY
20161130,3250.035000,178.290000,WW_MIXBONDEQUITY
20161201,3273.309000,178.020000,WW_MIXBONDEQUITY
20161202,3243.843000,177.710000,WW_MIXBONDEQUITY
20161205,3204.709000,177.660000,WW_MIXBONDEQUITY
20161206,3199.647000,177.260000,WW_MIXBONDEQUITY
20161207,3222.242000,176.940000,WW_MIXBONDEQUITY
20161208,3215.366000,177.020000,WW_MIXBONDEQUITY
20161209,3232.884000,177.030000,WW_MIXBONDEQUITY
20161212,3152.970000,176.800000,WW_MIXBONDEQUITY
20161213,3155.037000,176.320000,WW_MIXBONDEQUITY
20161214,3140.531000,175.920000,WW_MIXBONDEQUITY
20161215,3117.677000,174.640000,WW_MIXBONDEQUITY
20161216,3122.981000,174.450000,WW_MIXBONDEQUITY
20161219,3118.085000,174.070000,WW_MIXBONDEQUITY
20161220,3102.876000,173.620000,WW_MIXBONDEQUITY
20161221,3137.430000,173.860000,WW_MIXBONDEQUITY
20161222,3139.558000,174.290000,WW_MIXBONDEQUITY
20161223,3110.154000,174.660000,WW_MIXBONDEQUITY
20161226,3122.569000,174.910000,WW_MIXBONDEQUITY
20161227,3114.664000,174.960000,WW_MIXBONDEQUITY
20161228,3102.236000,174.970000,WW_MIXBONDEQUITY
20161229,3096.097000,175.200000,WW_MIXBONDEQUITY
20161230,3103.637000,175.590000,WW_MIXBONDEQUITY
20170103,3135.921000,175.630000,WW_MIXBONDEQUITY
20170104,3158.794000,175.540000,WW_MIXBONDEQUITY
20170105,3165.411000,175.410000,WW_MIXBONDEQUITY
20170106,3154.321000,175.510000,WW_MIXBONDEQUITY
20170109,3171.236000,175.620000,WW_MIXBONDEQUITY
20170110,3161.671000,175.810000,WW_MIXBONDEQUITY
20170111,3136.754000,175.780000,WW_MIXBONDEQUITY
20170112,3119.289000,175.840000,WW_MIXBONDEQUITY
20170113,3112.764000,175.900000,WW_MIXBONDEQUITY
20170116,3103.428000,175.930000,WW_MIXBONDEQUITY
20170117,3108.775000,175.650000,WW_MIXBONDEQUITY
20170118,3113.012000,175.550000,WW_MIXBONDEQUITY
20170119,3101.299000,175.460000,WW_MIXBONDEQUITY
20170120,3123.139000,175.510000,WW_MIXBONDEQUITY
20170123,3136.775000,175.610000,WW_MIXBONDEQUITY
20170124,3142.553000,175.620000,WW_MIXBONDEQUITY
20170125,3149.554000,175.290000,WW_MIXBONDEQUITY
20170126,3159.166000,175.200000,WW_MIXBONDEQUITY
20170203,3140.170000,175.060000,WW_MIXBONDEQUITY
20170206,3156.984000,174.650000,WW_MIXBONDEQUITY
20170207,3153.088000,174.280000,WW_MIXBONDEQUITY
20170208,3166.982000,174.110000,WW_MIXBONDEQUITY
20170209,3183.179000,174.160000,WW_MIXBONDEQUITY
20170210,3196.699000,174.200000,WW_MIXBONDEQUITY
20170213,3216.839000,174.230000,WW_MIXBONDEQUITY
20170214,3217.928000,174.230000,WW_MIXBONDEQUITY
20170215,3212.986000,174.180000,WW_MIXBONDEQUITY
20170216,3229.619000,174.270000,WW_MIXBONDEQUITY
20170217,3202.075000,174.470000,WW_MIXBONDEQUITY
20170220,3239.961000,174.670000,WW_MIXBONDEQUITY
20170221,3253.326000,174.660000,WW_MIXBONDEQUITY
20170222,3261.219000,174.640000,WW_MIXBONDEQUITY
20170223,3251.375000,174.770000,WW_MIXBONDEQUITY
20170224,3253.433000,174.830000,WW_MIXBONDEQUITY
20170227,3228.660000,174.920000,WW_MIXBONDEQUITY
20170228,3241.733000,174.900000,WW_MIXBONDEQUITY
20170301,3246.933000,174.830000,WW_MIXBONDEQUITY
20170302,3230.028000,174.710000,WW_MIXBONDEQUITY
20170303,3218.312000,174.730000,WW_MIXBONDEQUITY
20170306,3233.866000,174.720000,WW_MIXBONDEQUITY
20170307,3242.407000,174.710000,WW_MIXBONDEQUITY
20170308,3240.665000,174.600000,WW_MIXBONDEQUITY
20170309,3216.746000,174.480000,WW_MIXBONDEQUITY
20170310,3212.760000,174.410000,WW_MIXBONDEQUITY
20170313,3237.024000,174.450000,WW_MIXBONDEQUITY
20170314,3239.328000,174.540000,WW_MIXBONDEQUITY
20170315,3241.760000,174.560000,WW_MIXBONDEQUITY
20170316,3268.935000,174.840000,WW_MIXBONDEQUITY
20170317,3237.447000,174.850000,WW_MIXBONDEQUITY
20170320,3250.808000,174.820000,WW_MIXBONDEQUITY
20170321,3261.611000,174.700000,WW_MIXBONDEQUITY
20170322,3245.220000,174.730000,WW_MIXBONDEQUITY
20170323,3248.550000,174.710000,WW_MIXBONDEQUITY
20170324,3269.445000,174.850000,WW_MIXBONDEQUITY
20170327,3266.955000,175.010000,WW_MIXBONDEQUITY
20170328,3252.948000,175.080000,WW_MIXBONDEQUITY
20170329,3241.314000,175.060000,WW_MIXBONDEQUITY
20170330,3210.237000,175.010000,WW_MIXBONDEQUITY
20170331,3222.514000,175.010000,WW_MIXBONDEQUITY
20170405,3270.305000,175.100000,WW_MIXBONDEQUITY
20170406,3281.005000,175.060000,WW_MIXBONDEQUITY
20170407,3286.616000,175.170000,WW_MIXBONDEQUITY
20170410,3269.393000,175.230000,WW_MIXBONDEQUITY
20170411,3288.966000,175.220000,WW_MIXBONDEQUITY
20170412,3273.830000,175.260000,WW_MIXBONDEQUITY
20170413,3275.960000,175.270000,WW_MIXBONDEQUITY
20170414,3246.067000,175.220000,WW_MIXBONDEQUITY
20170417,3222.168000,174.960000,WW_MIXBONDEQUITY
20170418,3196.713000,174.790000,WW_MIXBONDEQUITY
20170419,3170.687000,174.790000,WW_MIXBONDEQUITY
20170420,3172.100000,174.670000,WW_MIXBONDEQUITY
20170421,3173.151000,174.560000,WW_MIXBONDEQUITY
20170424,3129.531000,174.350000,WW_MIXBONDEQUITY
20170425,3134.567000,174.280000,WW_MIXBONDEQUITY
20170426,3140.847000,174.270000,WW_MIXBONDEQUITY
20170427,3152.187000,174.270000,WW_MIXBONDEQUITY
20170428,3154.658000,174.300000,WW_MIXBONDEQUITY
20170502,3143.712000,174.310000,WW_MIXBONDEQUITY
20170503,3135.346000,174.130000,WW_MIXBONDEQUITY
20170504,3127.369000,173.950000,WW_MIXBONDEQUITY
20170505,3103.038000,173.800000,WW_MIXBONDEQUITY
20170508,3078.613000,173.670000,WW_MIXBONDEQUITY
20170509,3080.527000,173.440000,WW_MIXBONDEQUITY
20170510,3052.785000,173.140000,WW_MIXBONDEQUITY
20170511,3061.500000,172.990000,WW_MIXBONDEQUITY
20170512,3083.513000,172.920000,WW_MIXBONDEQUITY
20170515,3090.229000,172.990000,WW_MIXBONDEQUITY
20170516,3112.964000,172.940000,WW_MIXBONDEQUITY
20170517,3104.442000,172.880000,WW_MIXBONDEQUITY
20170518,3090.139000,172.920000,WW_MIXBONDEQUITY
20170519,3090.631000,172.870000,WW_MIXBONDEQUITY
20170522,3075.676000,172.860000,WW_MIXBONDEQUITY
20170523,3061.947000,172.830000,WW_MIXBONDEQUITY
20170524,3064.076000,172.870000,WW_MIXBONDEQUITY
20170525,3107.831000,172.940000,WW_MIXBONDEQUITY
20170526,3110.059000,172.960000,WW_MIXBONDEQUITY
20170531,3117.178000,173.160000,WW_MIXBONDEQUITY
20170601,3102.623000,173.220000,WW_MIXBONDEQUITY
20170602,3105.540000,173.230000,WW_MIXBONDEQUITY
20170605,3091.656000,173.330000,WW_MIXBONDEQUITY
20170606,3102.126000,173.350000,WW_MIXBONDEQUITY
20170607,3140.325000,173.350000,WW_MIXBONDEQUITY
20170608,3150.333000,173.370000,WW_MIXBONDEQUITY
20170609,3158.400000,173.450000,WW_MIXBONDEQUITY
20170612,3139.876000,173.680000,WW_MIXBONDEQUITY
20170613,3153.743000,173.910000,WW_MIXBONDEQUITY
20170614,3130.674000,174.050000,WW_MIXBONDEQUITY
20170615,3132.486000,174.190000,WW_MIXBONDEQUITY
20170616,3123.166000,174.250000,WW_MIXBONDEQUITY
20170619,3144.374000,174.510000,WW_MIXBONDEQUITY
20170620,3140.013000,174.740000,WW_MIXBONDEQUITY
20170621,3156.212000,174.800000,WW_MIXBONDEQUITY
20170622,3147.453000,174.770000,WW_MIXBONDEQUITY
20170623,3157.873000,174.720000,WW_MIXBONDEQUITY
20170626,3185.444000,174.910000,WW_MIXBONDEQUITY
20170627,3191.197000,175.110000,WW_MIXBONDEQUITY
20170628,3173.201000,175.160000,WW_MIXBONDEQUITY
20170629,3188.063000,175.230000,WW_MIXBONDEQUITY
20170630,3192.427000,175.250000,WW_MIXBONDEQUITY
20170703,3195.912000,175.240000,WW_MIXBONDEQUITY
20170704,3182.804000,175.200000,WW_MIXBONDEQUITY
20170705,3207.134000,175.240000,WW_MIXBONDEQUITY
20170706,3212.444000,175.400000,WW_MIXBONDEQUITY
20170707,3217.957000,175.420000,WW_MIXBONDEQUITY
20170710,3212.632000,175.500000,WW_MIXBONDEQUITY
20170711,3203.037000,175.530000,WW_MIXBONDEQUITY
20170712,3197.544000,175.610000,WW_MIXBONDEQUITY
20170713,3218.163000,175.680000,WW_MIXBONDEQUITY
20170714,3222.417000,175.720000,WW_MIXBONDEQUITY
20170717,3176.465000,175.850000,WW_MIXBONDEQUITY
20170718,3187.567000,175.770000,WW_MIXBONDEQUITY
20170719,3230.976000,175.780000,WW_MIXBONDEQUITY
20170720,3244.865000,175.860000,WW_MIXBONDEQUITY
20170721,3237.982000,175.860000,WW_MIXBONDEQUITY
20170724,3250.599000,175.900000,WW_MIXBONDEQUITY
20170725,3243.689000,175.840000,WW_MIXBONDEQUITY
20170726,3247.675000,175.770000,WW_MIXBONDEQUITY
20170727,3249.781000,175.750000,WW_MIXBONDEQUITY
20170728,3253.240000,175.780000,WW_MIXBONDEQUITY
20170731,3273.028000,175.790000,WW_MIXBONDEQUITY
20170801,3292.638000,175.720000,WW_MIXBONDEQUITY
20170802,3285.057000,175.720000,WW_MIXBONDEQUITY
20170803,3272.929000,175.750000,WW_MIXBONDEQUITY
20170804,3262.081000,175.790000,WW_MIXBONDEQUITY
20170807,3279.457000,175.710000,WW_MIXBONDEQUITY
20170808,3281.873000,175.620000,WW_MIXBONDEQUITY
20170809,3275.573000,175.570000,WW_MIXBONDEQUITY
20170810,3261.750000,175.600000,WW_MIXBONDEQUITY
20170811,3208.542000,175.690000,WW_MIXBONDEQUITY
20170814,3237.360000,175.840000,WW_MIXBONDEQUITY
20170815,3251.262000,175.900000,WW_MIXBONDEQUITY
20170816,3246.451000,175.870000,WW_MIXBONDEQUITY
20170817,3268.430000,175.830000,WW_MIXBONDEQUITY
20170818,3268.724000,175.810000,WW_MIXBONDEQUITY
20170821,3286.906000,175.760000,WW_MIXBONDEQUITY
20170822,3290.226000,175.680000,WW_MIXBONDEQUITY
20170823,3287.705000,175.690000,WW_MIXBONDEQUITY
20170824,3271.512000,175.610000,WW_MIXBONDEQUITY
20170825,3331.522000,175.520000,WW_MIXBONDEQUITY
20170828,3362.652000,175.470000,WW_MIXBONDEQUITY
20170829,3365.226000,175.440000,WW_MIXBONDEQUITY
20170830,3363.626000,175.430000,WW_MIXBONDEQUITY
20170831,3360.810000,175.430000,WW_MIXBONDEQUITY
20170901,3367.119000,175.440000,WW_MIXBONDEQUITY
20170904,3379.583000,175.460000,WW_MIXBONDEQUITY
20170905,3384.317000,175.420000,WW_MIXBONDEQUITY
20170906,3385.389000,175.440000,WW_MIXBONDEQUITY
20170907,3365.497000,175.540000,WW_MIXBONDEQUITY
20170908,3365.243000,175.700000,WW_MIXBONDEQUITY
20170911,3376.419000,175.790000,WW_MIXBONDEQUITY
20170912,3379.488000,175.800000,WW_MIXBONDEQUITY
20170913,3384.147000,175.790000,WW_MIXBONDEQUITY
20170914,3371.426000,175.890000,WW_MIXBONDEQUITY
20170915,3353.619000,175.940000,WW_MIXBONDEQUITY
20170918,3362.859000,175.970000,WW_MIXBONDEQUITY
20170919,3356.844000,175.970000,WW_MIXBONDEQUITY
20170920,3365.996000,175.970000,WW_MIXBONDEQUITY
20170921,3357.812000,176.000000,WW_MIXBONDEQUITY
20170922,3352.529000,176.000000,WW_MIXBONDEQUITY
20170925,3341.549000,176.160000,WW_MIXBONDEQUITY
20170926,3343.583000,176.180000,WW_MIXBONDEQUITY
20170927,3345.272000,176.150000,WW_MIXBONDEQUITY
20170928,3339.642000,176.180000,WW_MIXBONDEQUITY
20170929,3348.943000,176.220000,WW_MIXBONDEQUITY
20171009,3374.378000,176.380000,WW_MIXBONDEQUITY
20171010,3382.988000,176.350000,WW_MIXBONDEQUITY
20171011,3388.284000,176.380000,WW_MIXBONDEQUITY
20171012,3386.100000,176.350000,WW_MIXBONDEQUITY
20171013,3390.523000,176.340000,WW_MIXBONDEQUITY
20171016,3378.470000,176.230000,WW_MIXBONDEQUITY
20171017,3372.041000,176.070000,WW_MIXBONDEQUITY
20171018,3381.794000,176.070000,WW_MIXBONDEQUITY
20171019,3370.172000,176.140000,WW_MIXBONDEQUITY
20171020,3378.648000,176.180000,WW_MIXBONDEQUITY
20171023,3380.699000,176.240000,WW_MIXBONDEQUITY
20171024,3388.248000,176.260000,WW_MIXBONDEQUITY
20171025,3396.898000,176.150000,WW_MIXBONDEQUITY
20171026,3407.567000,176.060000,WW_MIXBONDEQUITY
20171027,3416.813000,175.950000,WW_MIXBONDEQUITY
20171030,3390.337000,175.640000,WW_MIXBONDEQUITY
20171031,3393.342000,175.520000,WW_MIXBONDEQUITY
20171101,3395.913000,175.600000,WW_MIXBONDEQUITY
20171102,3383.309000,175.610000,WW_MIXBONDEQUITY
20171103,3371.744000,175.590000,WW_MIXBONDEQUITY
20171106,3388.174000,175.670000,WW_MIXBONDEQUITY
20171107,3413.575000,175.600000,WW_MIXBONDEQUITY
20171108,3415.460000,175.530000,WW_MIXBONDEQUITY
20171109,3427.795000,175.500000,WW_MIXBONDEQUITY
20171110,3432.673000,175.470000,WW_MIXBONDEQUITY
20171113,3447.836000,175.310000,WW_MIXBONDEQUITY
20171114,3429.548000,175.090000,WW_MIXBONDEQUITY
20171115,3402.524000,175.030000,WW_MIXBONDEQUITY
20171116,3399.250000,175.010000,WW_MIXBONDEQUITY
20171117,3382.907000,175.040000,WW_MIXBONDEQUITY
20171120,3392.399000,175.040000,WW_MIXBONDEQUITY
20171121,3410.498000,174.970000,WW_MIXBONDEQUITY
20171122,3430.464000,174.760000,WW_MIXBONDEQUITY
20171123,3351.918000,174.480000,WW_MIXBONDEQUITY
20171124,3353.821000,174.490000,WW_MIXBONDEQUITY
20171127,3322.230000,174.550000,WW_MIXBONDEQUITY
20171128,3333.657000,174.490000,WW_MIXBONDEQUITY
20171129,3337.862000,174.500000,WW_MIXBONDEQUITY
20171130,3317.188000,174.560000,WW_MIXBONDEQUITY
20171201,3317.617000,174.640000,WW_MIXBONDEQUITY
20171204,3309.618000,174.760000,WW_MIXBONDEQUITY
20171205,3303.675000,174.870000,WW_MIXBONDEQUITY
20171206,3293.965000,174.920000,WW_MIXBONDEQUITY
20171207,3272.054000,174.970000,WW_MIXBONDEQUITY
20171208,3289.992000,174.970000,WW_MIXBONDEQUITY
20171211,3322.196000,174.910000,WW_MIXBONDEQUITY
20171212,3280.813000,174.860000,WW_MIXBONDEQUITY
20171213,3303.037000,174.840000,WW_MIXBONDEQUITY
20171214,3292.438000,174.870000,WW_MIXBONDEQUITY
20171215,3266.137000,174.910000,WW_MIXBONDEQUITY
20171218,3267.923000,175.020000,WW_MIXBONDEQUITY
20171219,3296.538000,175.010000,WW_MIXBONDEQUITY
20171220,3287.606000,174.970000,WW_MIXBONDEQUITY
20171221,3300.059000,174.970000,WW_MIXBONDEQUITY
20171222,3297.063000,175.020000,WW_MIXBONDEQUITY
20171225,3280.461000,175.040000,WW_MIXBONDEQUITY
20171226,3306.125000,175.020000,WW_MIXBONDEQUITY
20171227,3275.783000,174.980000,WW_MIXBONDEQUITY
20171228,3296.385000,174.920000,WW_MIXBONDEQUITY
20171229,3307.172000,175.000000,WW_MIXBONDEQUITY
20180102,3348.326000,175.140000,WW_MIXBONDEQUITY
20180103,3369.108000,175.140000,WW_MIXBONDEQUITY
20180104,3385.710000,175.100000,WW_MIXBONDEQUITY
20180105,3391.750000,175.160000,WW_MIXBONDEQUITY
20180108,3409.479000,175.270000,WW_MIXBONDEQUITY
20180109,3413.899000,175.320000,WW_MIXBONDEQUITY
20180110,3421.834000,175.300000,WW_MIXBONDEQUITY
20180111,3425.345000,175.120000,WW_MIXBONDEQUITY
20180112,3428.941000,175.120000,WW_MIXBONDEQUITY
20180115,3410.488000,175.100000,WW_MIXBONDEQUITY
20180116,3436.594000,175.080000,WW_MIXBONDEQUITY
20180117,3444.671000,175.100000,WW_MIXBONDEQUITY
20180118,3474.754000,175.030000,WW_MIXBONDEQUITY
20180119,3487.864000,175.030000,WW_MIXBONDEQUITY
20180122,3501.362000,175.130000,WW_MIXBONDEQUITY
20180123,3546.505000,175.170000,WW_MIXBONDEQUITY
20180124,3559.465000,175.200000,WW_MIXBONDEQUITY
20180125,3548.307000,175.230000,WW_MIXBONDEQUITY
20180126,3558.129000,175.310000,WW_MIXBONDEQUITY
20180129,3523.001000,175.360000,WW_MIXBONDEQUITY
20180130,3488.009000,175.390000,WW_MIXBONDEQUITY
20180131,3480.833000,175.450000,WW_MIXBONDEQUITY
20180201,3446.980000,175.550000,WW_MIXBONDEQUITY
20180202,3462.081000,175.600000,WW_MIXBONDEQUITY
20180205,3487.497000,175.660000,WW_MIXBONDEQUITY
20180206,3370.652000,175.790000,WW_MIXBONDEQUITY
20180207,3309.260000,175.890000,WW_MIXBONDEQUITY
20180208,3262.050000,175.960000,WW_MIXBONDEQUITY
20180209,3129.851000,175.980000,WW_MIXBONDEQUITY
20180212,3154.125000,176.160000,WW_MIXBONDEQUITY
20180213,3184.959000,176.180000,WW_MIXBONDEQUITY
20180214,3199.159000,176.270000,WW_MIXBONDEQUITY
20180222,3268.559000,176.400000,WW_MIXBONDEQUITY
20180223,3289.024000,176.450000,WW_MIXBONDEQUITY
20180226,3329.574000,176.680000,WW_MIXBONDEQUITY
20180227,3292.068000,176.880000,WW_MIXBONDEQUITY
20180228,3259.408000,177.020000,WW_MIXBONDEQUITY
20180301,3273.755000,177.090000,WW_MIXBONDEQUITY
20180302,3254.528000,177.100000,WW_MIXBONDEQUITY
20180305,3256.926000,177.100000,WW_MIXBONDEQUITY
20180306,3289.642000,177.150000,WW_MIXBONDEQUITY
20180307,3271.668000,177.200000,WW_MIXBONDEQUITY
20180308,3288.406000,177.310000,WW_MIXBONDEQUITY
20180309,3307.166000,177.340000,WW_MIXBONDEQUITY
20180312,3326.699000,177.450000,WW_MIXBONDEQUITY
20180313,3310.239000,177.460000,WW_MIXBONDEQUITY
20180314,3291.382000,177.440000,WW_MIXBONDEQUITY
20180315,3291.112000,177.480000,WW_MIXBONDEQUITY
20180316,3269.882000,177.500000,WW_MIXBONDEQUITY
20180319,3279.252000,177.590000,WW_MIXBONDEQUITY
20180320,3290.640000,177.690000,WW_MIXBONDEQUITY
20180321,3280.952000,177.810000,WW_MIXBONDEQUITY
20180322,3263.480000,177.980000,WW_MIXBONDEQUITY
20180323,3152.761000,178.470000,WW_MIXBONDEQUITY
20180326,3133.722000,178.560000,WW_MIXBONDEQUITY
20180327,3166.649000,178.560000,WW_MIXBONDEQUITY
20180328,3122.290000,178.640000,WW_MIXBONDEQUITY
20180329,3160.531000,178.670000,WW_MIXBONDEQUITY
20180330,3168.896000,178.750000,WW_MIXBONDEQUITY
20180402,3163.179000,178.860000,WW_MIXBONDEQUITY
20180403,3136.633000,178.980000,WW_MIXBONDEQUITY
20180404,3131.111000,179.140000,WW_MIXBONDEQUITY
20180409,3138.294000,179.570000,WW_MIXBONDEQUITY
20180410,3190.322000,179.630000,WW_MIXBONDEQUITY
20180411,3208.082000,179.630000,WW_MIXBONDEQUITY
20180412,3180.158000,179.720000,WW_MIXBONDEQUITY
20180413,3159.052000,179.800000,WW_MIXBONDEQUITY
20180416,3110.649000,179.970000,WW_MIXBONDEQUITY
20180417,3066.797000,180.170000,WW_MIXBONDEQUITY
20180418,3091.399000,181.370000,WW_MIXBONDEQUITY
20180419,3117.376000,181.470000,WW_MIXBONDEQUITY
20180420,3071.542000,181.510000,WW_MIXBONDEQUITY
20180423,3068.012000,181.420000,WW_MIXBONDEQUITY
20180424,3128.927000,181.310000,WW_MIXBONDEQUITY
20180425,3117.974000,181.290000,WW_MIXBONDEQUITY
20180426,3075.030000,181.210000,WW_MIXBONDEQUITY
20180427,3082.232000,181.110000,WW_MIXBONDEQUITY
20180502,3081.177000,181.110000,WW_MIXBONDEQUITY
20180503,3100.859000,181.130000,WW_MIXBONDEQUITY
20180504,3091.033000,181.180000,WW_MIXBONDEQUITY
20180507,3136.645000,181.150000,WW_MIXBONDEQUITY
20180508,3161.498000,181.050000,WW_MIXBONDEQUITY
20180509,3159.150000,180.900000,WW_MIXBONDEQUITY
20180510,3174.413000,180.840000,WW_MIXBONDEQUITY
20180511,3163.263000,180.830000,WW_MIXBONDEQUITY
20180514,3174.032000,180.850000,WW_MIXBONDEQUITY
20180515,3192.118000,180.780000,WW_MIXBONDEQUITY
20180516,3169.565000,180.710000,WW_MIXBONDEQUITY
20180517,3154.282000,180.690000,WW_MIXBONDEQUITY
20180518,3193.303000,180.690000,WW_MIXBONDEQUITY
20180521,3213.840000,180.770000,WW_MIXBONDEQUITY
20180522,3214.350000,180.880000,WW_MIXBONDEQUITY
20180523,3168.964000,180.980000,WW_MIXBONDEQUITY
20180524,3154.651000,181.080000,WW_MIXBONDEQUITY
20180525,3141.303000,181.210000,WW_MIXBONDEQUITY
20180528,3135.082000,181.370000,WW_MIXBONDEQUITY
20180529,3120.460000,181.380000,WW_MIXBONDEQUITY
20180530,3041.443000,181.430000,WW_MIXBONDEQUITY
20180531,3095.474000,181.410000,WW_MIXBONDEQUITY
20180601,3075.137000,181.370000,WW_MIXBONDEQUITY
20180604,3091.191000,181.350000,WW_MIXBONDEQUITY
20180605,3114.206000,181.260000,WW_MIXBONDEQUITY
20180606,3115.180000,181.220000,WW_MIXBONDEQUITY
20180607,3109.499000,181.190000,WW_MIXBONDEQUITY
20180608,3067.148000,181.230000,WW_MIXBONDEQUITY
20180611,3052.783000,181.310000,WW_MIXBONDEQUITY
20180612,3079.802000,181.260000,WW_MIXBONDEQUITY
20180613,3049.796000,181.270000,WW_MIXBONDEQUITY
20180614,3044.160000,181.360000,WW_MIXBONDEQUITY
20180615,3021.901000,181.500000,WW_MIXBONDEQUITY
20180619,2907.822000,181.730000,WW_MIXBONDEQUITY
20180620,2915.731000,181.750000,WW_MIXBONDEQUITY
20180621,2875.810000,181.810000,WW_MIXBONDEQUITY
20180622,2889.760000,181.920000,WW_MIXBONDEQUITY
20180625,2859.336000,182.020000,WW_MIXBONDEQUITY
20180626,2844.508000,182.050000,WW_MIXBONDEQUITY
20180627,2813.177000,182.080000,WW_MIXBONDEQUITY
20180628,2786.896000,182.270000,WW_MIXBONDEQUITY
20180629,2847.418000,182.620000,WW_MIXBONDEQUITY
20180702,2775.557000,182.860000,WW_MIXBONDEQUITY
20180703,2786.888000,183.060000,WW_MIXBONDEQUITY
20180704,2759.126000,183.170000,WW_MIXBONDEQUITY
20180705,2733.882000,183.270000,WW_MIXBONDEQUITY
20180706,2747.229000,183.370000,WW_MIXBONDEQUITY
20180709,2815.110000,183.390000,WW_MIXBONDEQUITY
20180710,2827.625000,183.330000,WW_MIXBONDEQUITY
20180711,2777.771000,183.350000,WW_MIXBONDEQUITY
20180712,2837.659000,183.450000,WW_MIXBONDEQUITY
20180713,2831.184000,183.570000,WW_MIXBONDEQUITY
20180716,2814.042000,183.700000,WW_MIXBONDEQUITY
20180717,2798.126000,183.780000,WW_MIXBONDEQUITY
20180718,2787.257000,183.850000,WW_MIXBONDEQUITY
20180719,2772.545000,184.000000,WW_MIXBONDEQUITY
20180720,2829.271000,184.130000,WW_MIXBONDEQUITY
20180723,2859.542000,184.220000,WW_MIXBONDEQUITY
20180724,2905.562000,184.120000,WW_MIXBONDEQUITY
20180725,2903.647000,184.080000,WW_MIXBONDEQUITY
20180726,2882.225000,184.150000,WW_MIXBONDEQUITY
20180727,2873.594000,184.330000,WW_MIXBONDEQUITY
20180730,2869.050000,184.520000,WW_MIXBONDEQUITY
20180731,2876.401000,184.760000,WW_MIXBONDEQUITY
20180801,2824.534000,184.960000,WW_MIXBONDEQUITY
20180802,2768.024000,185.130000,WW_MIXBONDEQUITY
20180803,2740.443000,185.340000,WW_MIXBONDEQUITY
20180806,2705.156000,185.540000,WW_MIXBONDEQUITY
20180807,2779.374000,185.730000,WW_MIXBONDEQUITY
20180808,2744.070000,185.730000,WW_MIXBONDEQUITY
20180809,2794.382000,185.460000,WW_MIXBONDEQUITY
20180810,2795.310000,185.200000,WW_MIXBONDEQUITY
20180813,2785.872000,184.940000,WW_MIXBONDEQUITY
20180814,2780.965000,184.840000,WW_MIXBONDEQUITY
20180815,2723.258000,184.870000,WW_MIXBONDEQUITY
20180816,2705.192000,184.840000,WW_MIXBONDEQUITY
20180817,2668.966000,184.640000,WW_MIXBONDEQUITY
20180820,2698.466000,184.320000,WW_MIXBONDEQUITY
20180821,2733.826000,184.220000,WW_MIXBONDEQUITY
20180822,2714.608000,184.210000,WW_MIXBONDEQUITY
20180823,2724.625000,184.330000,WW_MIXBONDEQUITY
20180824,2729.431000,184.480000,WW_MIXBONDEQUITY
20180827,2780.899000,184.480000,WW_MIXBONDEQUITY
20180828,2777.981000,184.450000,WW_MIXBONDEQUITY
20180829,2769.295000,184.440000,WW_MIXBONDEQUITY
20180830,2737.737000,184.530000,WW_MIXBONDEQUITY
20180831,2725.250000,184.660000,WW_MIXBONDEQUITY
20180903,2720.734000,184.700000,WW_MIXBONDEQUITY
20180904,2750.580000,184.600000,WW_MIXBONDEQUITY
20180905,2704.337000,184.610000,WW_MIXBONDEQUITY
20180906,2691.593000,184.610000,WW_MIXBONDEQUITY
20180907,2702.301000,184.590000,WW_MIXBONDEQUITY
20180910,2669.485000,184.550000,WW_MIXBONDEQUITY
20180911,2664.800000,184.410000,WW_MIXBONDEQUITY
20180912,2656.110000,184.370000,WW_MIXBONDEQUITY
20180913,2686.578000,184.420000,WW_MIXBONDEQUITY
20180914,2681.643000,184.510000,WW_MIXBONDEQUITY
20180917,2651.789000,184.640000,WW_MIXBONDEQUITY
20180918,2699.950000,184.690000,WW_MIXBONDEQUITY
20180919,2730.850000,184.660000,WW_MIXBONDEQUITY
20180920,2729.244000,184.600000,WW_MIXBONDEQUITY
20180921,2797.485000,184.600000,WW_MIXBONDEQUITY
20180925,2781.138000,184.730000,WW_MIXBONDEQUITY
20180926,2806.813000,184.790000,WW_MIXBONDEQUITY
20180927,2791.775000,184.920000,WW_MIXBONDEQUITY
20180928,2821.350000,185.090000,WW_MIXBONDEQUITY
20181008,2716.510000,185.350000,WW_MIXBONDEQUITY
20181009,2721.013000,185.430000,WW_MIXBONDEQUITY
20181010,2725.837000,185.510000,WW_MIXBONDEQUITY
20181011,2583.458000,185.680000,WW_MIXBONDEQUITY
20181012,2606.913000,185.820000,WW_MIXBONDEQUITY
20181015,2568.098000,185.940000,WW_MIXBONDEQUITY
20181016,2546.330000,185.980000,WW_MIXBONDEQUITY
20181017,2561.614000,186.040000,WW_MIXBONDEQUITY
20181018,2486.419000,186.130000,WW_MIXBONDEQUITY
20181019,2550.465000,186.240000,WW_MIXBONDEQUITY
20181022,2654.876000,186.240000,WW_MIXBONDEQUITY
20181023,2594.825000,186.280000,WW_MIXBONDEQUITY
20181024,2603.295000,186.380000,WW_MIXBONDEQUITY
20181025,2603.800000,186.530000,WW_MIXBONDEQUITY
20181026,2598.847000,186.640000,WW_MIXBONDEQUITY
20181029,2542.103000,186.800000,WW_MIXBONDEQUITY
20181030,2568.048000,186.930000,WW_MIXBONDEQUITY
20181031,2602.783000,186.980000,WW_MIXBONDEQUITY
20181101,2606.237000,187.050000,WW_MIXBONDEQUITY
20181102,2676.476000,187.040000,WW_MIXBONDEQUITY
20181105,2665.431000,187.110000,WW_MIXBONDEQUITY
20181106,2659.356000,187.170000,WW_MIXBONDEQUITY
20181107,2641.342000,187.310000,WW_MIXBONDEQUITY
20181108,2635.632000,187.450000,WW_MIXBONDEQUITY
20181109,2598.872000,187.550000,WW_MIXBONDEQUITY
20181112,2630.520000,187.620000,WW_MIXBONDEQUITY
20181113,2654.879000,187.690000,WW_MIXBONDEQUITY
20181114,2632.242000,188.040000,WW_MIXBONDEQUITY
20181115,2668.170000,188.210000,WW_MIXBONDEQUITY
20181116,2679.110000,188.520000,WW_MIXBONDEQUITY
20181119,2703.512000,188.750000,WW_MIXBONDEQUITY
20181120,2645.854000,188.830000,WW_MIXBONDEQUITY
20181121,2651.505000,188.790000,WW_MIXBONDEQUITY
20181122,2645.434000,188.820000,WW_MIXBONDEQUITY
20181123,2579.483000,188.790000,WW_MIXBONDEQUITY
20181126,2575.810000,188.820000,WW_MIXBONDEQUITY
20181127,2574.679000,188.770000,WW_MIXBONDEQUITY
20181128,2601.737000,188.820000,WW_MIXBONDEQUITY
20181129,2567.443000,188.920000,WW_MIXBONDEQUITY
20181130,2588.188000,189.010000,WW_MIXBONDEQUITY
20181203,2654.798000,189.090000,WW_MIXBONDEQUITY
20181204,2665.958000,189.280000,WW_MIXBONDEQUITY
20181205,2649.805000,189.520000,WW_MIXBONDEQUITY
20181206,2605.181000,189.670000,WW_MIXBONDEQUITY
20181207,2605.888000,189.770000,WW_MIXBONDEQUITY
20181210,2584.582000,190.000000,WW_MIXBONDEQUITY
20181211,2594.088000,190.100000,WW_MIXBONDEQUITY
20181212,2602.153000,190.150000,WW_MIXBONDEQUITY
20181213,2634.049000,190.030000,WW_MIXBONDEQUITY
20181214,2593.741000,189.830000,WW_MIXBONDEQUITY
20181217,2597.974000,189.750000,WW_MIXBONDEQUITY
20181218,2576.649000,189.630000,WW_MIXBONDEQUITY
20181219,2549.563000,189.680000,WW_MIXBONDEQUITY
20181220,2536.268000,189.850000,WW_MIXBONDEQUITY
20181221,2516.250000,189.970000,WW_MIXBONDEQUITY
20181224,2527.007000,189.990000,WW_MIXBONDEQUITY
20181225,2504.819000,190.070000,WW_MIXBONDEQUITY
20181226,2498.294000,190.110000,WW_MIXBONDEQUITY
20181227,2483.086000,190.190000,WW_MIXBONDEQUITY
20181228,2493.896000,190.480000,WW_MIXBONDEQUITY
20190102,2465.291000,190.950000,WW_MIXBONDEQUITY
20190103,2464.363000,191.300000,WW_MIXBONDEQUITY
20190104,2514.868000,191.480000,WW_MIXBONDEQUITY
20190107,2533.089000,191.600000,WW_MIXBONDEQUITY
20190108,2526.462000,191.830000,WW_MIXBONDEQUITY
20190109,2544.345000,191.950000,WW_MIXBONDEQUITY
20190110,2535.098000,192.040000,WW_MIXBONDEQUITY
20190111,2553.831000,192.000000,WW_MIXBONDEQUITY
20190114,2535.765000,192.010000,WW_MIXBONDEQUITY
20190115,2570.345000,191.910000,WW_MIXBONDEQUITY
20190116,2570.422000,192.020000,WW_MIXBONDEQUITY
20190117,2559.637000,192.210000,WW_MIXBONDEQUITY
20190118,2596.006000,192.220000,WW_MIXBONDEQUITY
20190121,2610.510000,192.230000,WW_MIXBONDEQUITY
20190122,2579.704000,192.200000,WW_MIXBONDEQUITY
20190123,2581.004000,192.190000,WW_MIXBONDEQUITY
20190124,2591.694000,192.180000,WW_MIXBONDEQUITY
20190125,2601.723000,192.080000,WW_MIXBONDEQUITY
20190128,2596.977000,192.020000,WW_MIXBONDEQUITY
20190129,2594.254000,192.090000,WW_MIXBONDEQUITY
20190130,2575.576000,192.200000,WW_MIXBONDEQUITY
20190131,2584.573000,192.330000,WW_MIXBONDEQUITY
20190201,2618.232000,192.410000,WW_MIXBONDEQUITY
20190211,2653.896000,192.730000,WW_MIXBONDEQUITY
20190212,2671.894000,192.810000,WW_MIXBONDEQUITY
20190213,2721.068000,192.870000,WW_MIXBONDEQUITY
20190214,2719.700000,192.890000,WW_MIXBONDEQUITY
20190215,2682.385000,192.930000,WW_MIXBONDEQUITY
20190218,2754.357000,192.900000,WW_MIXBONDEQUITY
20190219,2755.646000,192.810000,WW_MIXBONDEQUITY
20190220,2761.219000,192.850000,WW_MIXBONDEQUITY
20190221,2751.801000,192.860000,WW_MIXBONDEQUITY
20190222,2804.226000,192.830000,WW_MIXBONDEQUITY
20190225,2961.283000,192.740000,WW_MIXBONDEQUITY
20190226,2941.516000,192.520000,WW_MIXBONDEQUITY
20190227,2953.824000,192.420000,WW_MIXBONDEQUITY
20190228,2940.954000,192.470000,WW_MIXBONDEQUITY
20190301,2994.005000,192.360000,WW_MIXBONDEQUITY
20190304,3027.575000,192.290000,WW_MIXBONDEQUITY
20190305,3054.247000,192.220000,WW_MIXBONDEQUITY
20190306,3102.099000,192.180000,WW_MIXBONDEQUITY
20190307,3106.418000,192.290000,WW_MIXBONDEQUITY
20190308,2969.861000,192.530000,WW_MIXBONDEQUITY
20190311,3026.992000,192.640000,WW_MIXBONDEQUITY
20190312,3060.307000,192.600000,WW_MIXBONDEQUITY
20190313,3026.951000,192.570000,WW_MIXBONDEQUITY
20190314,2990.685000,192.550000,WW_MIXBONDEQUITY
20190315,3021.751000,192.500000,WW_MIXBONDEQUITY
20190318,3096.417000,192.530000,WW_MIXBONDEQUITY
20190319,3090.975000,192.520000,WW_MIXBONDEQUITY
20190320,3090.640000,192.530000,WW_MIXBONDEQUITY
20190321,3101.455000,192.610000,WW_MIXBONDEQUITY
20190322,3104.149000,192.690000,WW_MIXBONDEQUITY
20190325,3043.031000,192.870000,WW_MIXBONDEQUITY
20190326,2997.095000,193.010000,WW_MIXBONDEQUITY
20190327,3022.719000,193.040000,WW_MIXBONDEQUITY
20190328,2994.943000,193.130000,WW_MIXBONDEQUITY
20190329,3090.758000,193.200000,WW_MIXBONDEQUITY
20190401,3170.361000,193.070000,WW_MIXBONDEQUITY
20190402,3176.823000,192.940000,WW_MIXBONDEQUITY
20190403,3216.295000,192.700000,WW_MIXBONDEQUITY
20190404,3246.571000,192.490000,WW_MIXBONDEQUITY
20190408,3244.810000,192.480000,WW_MIXBONDEQUITY
20190409,3239.664000,192.390000,WW_MIXBONDEQUITY
20190410,3241.930000,192.190000,WW_MIXBONDEQUITY
20190411,3189.962000,192.220000,WW_MIXBONDEQUITY
20190412,3188.625000,192.260000,WW_MIXBONDEQUITY
20190415,3177.787000,191.950000,WW_MIXBONDEQUITY
20190416,3253.598000,191.640000,WW_MIXBONDEQUITY
20190417,3263.118000,191.560000,WW_MIXBONDEQUITY
20190418,3250.201000,191.630000,WW_MIXBONDEQUITY
20190419,3270.797000,191.770000,WW_MIXBONDEQUITY
20190422,3215.042000,191.760000,WW_MIXBONDEQUITY
20190423,3198.594000,191.650000,WW_MIXBONDEQUITY
20190424,3201.614000,191.570000,WW_MIXBONDEQUITY
20190425,3123.826000,191.590000,WW_MIXBONDEQUITY
20190426,3086.399000,191.650000,WW_MIXBONDEQUITY
20190429,3062.499000,191.640000,WW_MIXBONDEQUITY
20190430,3078.339000,191.760000,WW_MIXBONDEQUITY
20190506,2906.464000,192.180000,WW_MIXBONDEQUITY
20190507,2926.391000,192.300000,WW_MIXBONDEQUITY
20190508,2893.757000,192.410000,WW_MIXBONDEQUITY
20190509,2850.954000,192.570000,WW_MIXBONDEQUITY
20190510,2939.211000,192.670000,WW_MIXBONDEQUITY
20190513,2903.713000,192.860000,WW_MIXBONDEQUITY
20190514,2883.611000,192.950000,WW_MIXBONDEQUITY
20190515,2938.678000,192.960000,WW_MIXBONDEQUITY
20190516,2955.711000,193.030000,WW_MIXBONDEQUITY
20190517,2882.296000,193.090000,WW_MIXBONDEQUITY
20190520,2870.604000,193.160000,WW_MIXBONDEQUITY
20190521,2905.969000,193.110000,WW_MIXBONDEQUITY
20190522,2891.705000,193.000000,WW_MIXBONDEQUITY
20190523,2852.515000,193.040000,WW_MIXBONDEQUITY
20190524,2852.995000,193.110000,WW_MIXBONDEQUITY
20190527,2892.378000,193.030000,WW_MIXBONDEQUITY
20190528,2909.911000,192.960000,WW_MIXBONDEQUITY
20190529,2914.696000,193.140000,WW_MIXBONDEQUITY
20190530,2905.805000,193.240000,WW_MIXBONDEQUITY
20190531,2898.696000,193.320000,WW_MIXBONDEQUITY
20190603,2890.081000,193.420000,WW_MIXBONDEQUITY
20190604,2862.280000,193.560000,WW_MIXBONDEQUITY
20190605,2861.418000,193.680000,WW_MIXBONDEQUITY
20190606,2827.798000,193.750000,WW_MIXBONDEQUITY
20190610,2852.130000,193.800000,WW_MIXBONDEQUITY
20190611,2925.716000,193.670000,WW_MIXBONDEQUITY
20190612,2909.380000,193.670000,WW_MIXBONDEQUITY
20190613,2910.740000,193.720000,WW_MIXBONDEQUITY
20190614,2881.974000,193.790000,WW_MIXBONDEQUITY
20190617,2887.622000,193.940000,WW_MIXBONDEQUITY
20190618,2890.158000,193.970000,WW_MIXBONDEQUITY
20190619,2917.803000,194.010000,WW_MIXBONDEQUITY
20190620,2987.119000,194.100000,WW_MIXBONDEQUITY
20190621,3001.980000,194.160000,WW_MIXBONDEQUITY
20190624,3008.148000,194.220000,WW_MIXBONDEQUITY
20190625,2982.074000,194.250000,WW_MIXBONDEQUITY
20190626,2976.284000,194.280000,WW_MIXBONDEQUITY
20190627,2996.792000,194.320000,WW_MIXBONDEQUITY
20190628,2978.878000,194.420000,WW_MIXBONDEQUITY
20190701,3044.903000,194.520000,WW_MIXBONDEQUITY
20190702,3043.943000,194.730000,WW_MIXBONDEQUITY
20190703,3015.263000,194.960000,WW_MIXBONDEQUITY
20190704,3005.249000,195.090000,WW_MIXBONDEQUITY
20190705,3011.059000,195.130000,WW_MIXBONDEQUITY
20190708,2933.363000,195.120000,WW_MIXBONDEQUITY
20190709,2928.229000,195.100000,WW_MIXBONDEQUITY
20190710,2915.302000,195.150000,WW_MIXBONDEQUITY
20190711,2917.761000,195.220000,WW_MIXBONDEQUITY
20190712,2930.546000,195.240000,WW_MIXBONDEQUITY
20190715,2942.185000,195.300000,WW_MIXBONDEQUITY
20190716,2937.617000,195.300000,WW_MIXBONDEQUITY
20190717,2931.693000,195.310000,WW_MIXBONDEQUITY
20190718,2901.177000,195.360000,WW_MIXBONDEQUITY
20190719,2924.201000,195.380000,WW_MIXBONDEQUITY
20190722,2886.974000,195.450000,WW_MIXBONDEQUITY
20190723,2899.945000,195.550000,WW_MIXBONDEQUITY
20190724,2923.278000,195.540000,WW_MIXBONDEQUITY
20190725,2937.360000,195.550000,WW_MIXBONDEQUITY
20190726,2944.541000,195.590000,WW_MIXBONDEQUITY
20190729,2941.007000,195.610000,WW_MIXBONDEQUITY
20190730,2952.338000,195.590000,WW_MIXBONDEQUITY
20190731,2932.506000,195.710000,WW_MIXBONDEQUITY
20190801,2908.766000,195.810000,WW_MIXBONDEQUITY
20190802,2867.838000,196.070000,WW_MIXBONDEQUITY
20190805,2821.496000,196.370000,WW_MIXBONDEQUITY
20190806,2777.556000,196.520000,WW_MIXBONDEQUITY
20190807,2768.679000,196.590000,WW_MIXBONDEQUITY
20190808,2794.552000,196.650000,WW_MIXBONDEQUITY
20190809,2774.753000,196.790000,WW_MIXBONDEQUITY
20190812,2814.994000,196.860000,WW_MIXBONDEQUITY
20190813,2797.260000,196.970000,WW_MIXBONDEQUITY
20190814,2808.915000,197.080000,WW_MIXBONDEQUITY
20190815,2815.798000,197.170000,WW_MIXBONDEQUITY
20190816,2823.824000,197.190000,WW_MIXBONDEQUITY
20190819,2883.096000,197.240000,WW_MIXBONDEQUITY
20190820,2880.001000,197.250000,WW_MIXBONDEQUITY
20190821,2880.331000,197.200000,WW_MIXBONDEQUITY
20190822,2883.436000,197.140000,WW_MIXBONDEQUITY
20190823,2897.425000,197.120000,WW_MIXBONDEQUITY
20190826,2863.567000,197.240000,WW_MIXBONDEQUITY
20190827,2902.193000,197.230000,WW_MIXBONDEQUITY
20190828,2893.756000,197.210000,WW_MIXBONDEQUITY
20190829,2890.919000,197.260000,WW_MIXBONDEQUITY
20190830,2886.237000,197.160000,WW_MIXBONDEQUITY
20190902,2924.106000,197.140000,WW_MIXBONDEQUITY
20190903,2930.154000,197.090000,WW_MIXBONDEQUITY
20190904,2957.412000,197.130000,WW_MIXBONDEQUITY
20190905,2985.865000,197.340000,WW_MIXBONDEQUITY
20190906,2999.601000,197.500000,WW_MIXBONDEQUITY
20190909,3024.739000,197.580000,WW_MIXBONDEQUITY
20190910,3021.202000,197.550000,WW_MIXBONDEQUITY
20190911,3008.812000,197.510000,WW_MIXBONDEQUITY
20190912,3031.235000,197.440000,WW_MIXBONDEQUITY
20190916,3030.754000,197.450000,WW_MIXBONDEQUITY
20190917,2978.118000,197.460000,WW_MIXBONDEQUITY
20190918,2985.659000,197.400000,WW_MIXBONDEQUITY
20190919,2999.279000,197.380000,WW_MIXBONDEQUITY
20190920,3006.447000,197.350000,WW_MIXBONDEQUITY
20190923,2977.077000,197.400000,WW_MIXBONDEQUITY
20190924,2985.341000,197.380000,WW_MIXBONDEQUITY
20190925,2955.433000,197.360000,WW_MIXBONDEQUITY
20190926,2929.087000,197.330000,WW_MIXBONDEQUITY
20190927,2932.167000,197.270000,WW_MIXBONDEQUITY
20190930,2905.189000,197.350000,WW_MIXBONDEQUITY
20191008,2913.570000,197.550000,WW_MIXBONDEQUITY
20191009,2924.857000,197.630000,WW_MIXBONDEQUITY
20191010,2947.711000,197.600000,WW_MIXBONDEQUITY
20191011,2973.656000,197.540000,WW_MIXBONDEQUITY
20191014,3007.883000,197.480000,WW_MIXBONDEQUITY
20191015,2991.046000,197.460000,WW_MIXBONDEQUITY
20191016,2978.712000,197.460000,WW_MIXBONDEQUITY
20191017,2977.334000,197.500000,WW_MIXBONDEQUITY
20191018,2938.141000,197.480000,WW_MIXBONDEQUITY
20191021,2939.618000,197.440000,WW_MIXBONDEQUITY
20191022,2954.380000,197.340000,WW_MIXBONDEQUITY
20191023,2941.619000,197.340000,WW_MIXBONDEQUITY
20191024,2940.921000,197.330000,WW_MIXBONDEQUITY
20191025,2954.933000,197.330000,WW_MIXBONDEQUITY
20191028,2980.050000,197.200000,WW_MIXBONDEQUITY
20191029,2954.176000,197.080000,WW_MIXBONDEQUITY
20191030,2939.321000,196.900000,WW_MIXBONDEQUITY
20191031,2929.056000,196.850000,WW_MIXBONDEQUITY
20191101,2958.199000,196.890000,WW_MIXBONDEQUITY
20191104,2975.492000,196.940000,WW_MIXBONDEQUITY
20191105,2991.562000,197.030000,WW_MIXBONDEQUITY
20191106,2978.595000,197.180000,WW_MIXBONDEQUITY
20191107,2978.714000,197.270000,WW_MIXBONDEQUITY
20191108,2964.185000,197.250000,WW_MIXBONDEQUITY
20191111,2909.975000,197.360000,WW_MIXBONDEQUITY
20191112,2914.823000,197.470000,WW_MIXBONDEQUITY
20191113,2905.241000,197.530000,WW_MIXBONDEQUITY
20191114,2909.870000,197.570000,WW_MIXBONDEQUITY
20191115,2891.343000,197.650000,WW_MIXBONDEQUITY
20191118,2909.200000,197.930000,WW_MIXBONDEQUITY
20191119,2933.991000,198.120000,WW_MIXBONDEQUITY
20191120,2911.053000,198.270000,WW_MIXBONDEQUITY
20191121,2903.638000,198.410000,WW_MIXBONDEQUITY
20191122,2885.288000,198.460000,WW_MIXBONDEQUITY
20191125,2906.169000,198.450000,WW_MIXBONDEQUITY
20191126,2907.060000,198.430000,WW_MIXBONDEQUITY
20191127,2903.195000,198.470000,WW_MIXBONDEQUITY
20191128,2889.693000,198.530000,WW_MIXBONDEQUITY
20191129,2871.981000,198.580000,WW_MIXBONDEQUITY
20191202,2875.807000,198.580000,WW_MIXBONDEQUITY
20191203,2884.699000,198.560000,WW_MIXBONDEQUITY
20191204,2878.116000,198.630000,WW_MIXBONDEQUITY
20191205,2899.469000,198.690000,WW_MIXBONDEQUITY
20191206,2912.014000,198.690000,WW_MIXBONDEQUITY
20191209,2914.478000,198.730000,WW_MIXBONDEQUITY
20191210,2917.316000,198.770000,WW_MIXBONDEQUITY
20191211,2924.417000,198.820000,WW_MIXBONDEQUITY
20191212,2915.698000,198.920000,WW_MIXBONDEQUITY
20191213,2967.677000,198.920000,WW_MIXBONDEQUITY
20191216,2984.393000,198.950000,WW_MIXBONDEQUITY
20191217,3022.422000,198.930000,WW_MIXBONDEQUITY
20191218,3017.044000,198.900000,WW_MIXBONDEQUITY
20191219,3017.066000,198.950000,WW_MIXBONDEQUITY
20191220,3004.938000,199.110000,WW_MIXBONDEQUITY
20191223,2962.751000,199.290000,WW_MIXBONDEQUITY
20191224,2982.681000,199.440000,WW_MIXBONDEQUITY
20191225,2981.881000,199.570000,WW_MIXBONDEQUITY
20191226,3007.354000,199.710000,WW_MIXBONDEQUITY
20191227,3005.035000,199.800000,WW_MIXBONDEQUITY
20191230,3040.024000,199.860000,WW_MIXBONDEQUITY
20191231,3050.124000,199.920000,WW_MIXBONDEQUITY
20200102,3085.198000,199.930000,WW_MIXBONDEQUITY
20200103,3083.786000,199.900000,WW_MIXBONDEQUITY
20200106,3083.408000,200.010000,WW_MIXBONDEQUITY
20200107,3104.802000,200.070000,WW_MIXBONDEQUITY
20200108,3066.893000,200.140000,WW_MIXBONDEQUITY
20200109,3094.882000,200.190000,WW_MIXBONDEQUITY
20200110,3092.291000,200.310000,WW_MIXBONDEQUITY
20200113,3115.570000,200.470000,WW_MIXBONDEQUITY
20200114,3106.820000,200.490000,WW_MIXBONDEQUITY
20200115,3090.038000,200.480000,WW_MIXBONDEQUITY
20200116,3074.081000,200.510000,WW_MIXBONDEQUITY
20200117,3075.496000,200.570000,WW_MIXBONDEQUITY
20200120,3095.787000,200.780000,WW_MIXBONDEQUITY
20200121,3052.142000,200.930000,WW_MIXBONDEQUITY
20200122,3060.754000,201.080000,WW_MIXBONDEQUITY
20200123,2976.528000,201.270000,WW_MIXBONDEQUITY
20200203,2746.606000,202.730000,WW_MIXBONDEQUITY
20200204,2783.288000,202.730000,WW_MIXBONDEQUITY
20200205,2818.088000,202.740000,WW_MIXBONDEQUITY
20200206,2866.510000,202.780000,WW_MIXBONDEQUITY
20200207,2875.964000,202.960000,WW_MIXBONDEQUITY
20200210,2890.488000,203.180000,WW_MIXBONDEQUITY
20200211,2901.674000,203.240000,WW_MIXBONDEQUITY
20200212,2926.899000,203.220000,WW_MIXBONDEQUITY
20200213,2906.073000,203.280000,WW_MIXBONDEQUITY
20200214,2917.008000,203.280000,WW_MIXBONDEQUITY
20200217,2983.622000,203.250000,WW_MIXBONDEQUITY
20200218,2984.972000,203.260000,WW_MIXBONDEQUITY
20200219,2975.402000,203.280000,WW_MIXBONDEQUITY
20200220,3030.154000,203.260000,WW_MIXBONDEQUITY
20200221,3039.669000,203.330000,WW_MIXBONDEQUITY
20200224,3031.233000,203.530000,WW_MIXBONDEQUITY
20200225,3013.050000,203.650000,WW_MIXBONDEQUITY
20200226,2987.929000,203.710000,WW_MIXBONDEQUITY
20200227,2991.329000,203.850000,WW_MIXBONDEQUITY
20200228,2880.304000,204.090000,WW_MIXBONDEQUITY
20200302,2970.931000,204.210000,WW_MIXBONDEQUITY
20200303,2992.897000,204.150000,WW_MIXBONDEQUITY
20200304,3011.666000,204.400000,WW_MIXBONDEQUITY
20200305,3071.677000,204.440000,WW_MIXBONDEQUITY
20200306,3034.511000,204.590000,WW_MIXBONDEQUITY
20200309,2943.291000,205.380000,WW_MIXBONDEQUITY
20200310,2996.762000,205.220000,WW_MIXBONDEQUITY
20200311,2968.517000,205.160000,WW_MIXBONDEQUITY
20200312,2923.486000,205.110000,WW_MIXBONDEQUITY
20200313,2887.427000,205.000000,WW_MIXBONDEQUITY
20200316,2789.254000,204.960000,WW_MIXBONDEQUITY
20200317,2779.641000,204.830000,WW_MIXBONDEQUITY
20200318,2728.756000,204.730000,WW_MIXBONDEQUITY
20200319,2702.130000,204.670000,WW_MIXBONDEQUITY
20200320,2745.618000,204.750000,WW_MIXBONDEQUITY
20200323,2660.167000,205.060000,WW_MIXBONDEQUITY
20200324,2722.438000,205.160000,WW_MIXBONDEQUITY
20200325,2781.591000,205.220000,WW_MIXBONDEQUITY
20200326,2764.911000,205.410000,WW_MIXBONDEQUITY
20200327,2772.203000,205.560000,WW_MIXBONDEQUITY
20200330,2747.214000,205.640000,WW_MIXBONDEQUITY
20200331,2750.296000,205.760000,WW_MIXBONDEQUITY
20200401,2734.521000,205.980000,WW_MIXBONDEQUITY
20200402,2780.638000,206.070000,WW_MIXBONDEQUITY
20200403,2763.987000,206.070000,WW_MIXBONDEQUITY
20200407,2820.763000,207.100000,WW_MIXBONDEQUITY
20200408,2815.369000,207.560000,WW_MIXBONDEQUITY
20200409,2825.904000,207.810000,WW_MIXBONDEQUITY
20200410,2796.631000,207.830000,WW_MIXBONDEQUITY
20200413,2783.048000,207.820000,WW_MIXBONDEQUITY
20200414,2827.283000,207.880000,WW_MIXBONDEQUITY
20200415,2811.174000,208.020000,WW_MIXBONDEQUITY
20200416,2819.935000,208.200000,WW_MIXBONDEQUITY
20200417,2838.494000,208.260000,WW_MIXBONDEQUITY
20200420,2852.553000,208.190000,WW_MIXBONDEQUITY
20200421,2827.013000,208.190000,WW_MIXBONDEQUITY
20200422,2843.980000,208.360000,WW_MIXBONDEQUITY
20200423,2838.500000,208.660000,WW_MIXBONDEQUITY
20200424,2808.529000,208.800000,WW_MIXBONDEQUITY
20200427,2815.495000,208.850000,WW_MIXBONDEQUITY
20200428,2810.024000,208.890000,WW_MIXBONDEQUITY
20200429,2822.442000,208.980000,WW_MIXBONDEQUITY
20200430,2860.082000,209.030000,WW_MIXBONDEQUITY
20200506,2878.140000,208.940000,WW_MIXBONDEQUITY
20200507,2871.523000,208.660000,WW_MIXBONDEQUITY
20200508,2895.344000,208.480000,WW_MIXBONDEQUITY
20200511,2894.802000,208.110000,WW_MIXBONDEQUITY
20200512,2891.556000,207.870000,WW_MIXBONDEQUITY
20200513,2898.050000,207.780000,WW_MIXBONDEQUITY
20200514,2870.342000,207.690000,WW_MIXBONDEQUITY
20200515,2868.459000,207.740000,WW_MIXBONDEQUITY
20200518,2875.417000,207.720000,WW_MIXBONDEQUITY
20200519,2898.576000,207.530000,WW_MIXBONDEQUITY
20200520,2883.738000,207.530000,WW_MIXBONDEQUITY
20200521,2867.924000,207.480000,WW_MIXBONDEQUITY
20200522,2813.765000,207.750000,WW_MIXBONDEQUITY
20200525,2817.970000,207.670000,WW_MIXBONDEQUITY
20200526,2846.547000,207.350000,WW_MIXBONDEQUITY
20200527,2836.804000,206.880000,WW_MIXBONDEQUITY
20200528,2846.222000,206.790000,WW_MIXBONDEQUITY
20200529,2852.351000,206.760000,WW_MIXBONDEQUITY
20200601,2915.431000,206.830000,WW_MIXBONDEQUITY
20200602,2921.398000,206.280000,WW_MIXBONDEQUITY
20200603,2923.371000,205.670000,WW_MIXBONDEQUITY
20200604,2919.250000,205.380000,WW_MIXBONDEQUITY
20200605,2930.799000,204.950000,WW_MIXBONDEQUITY
20200608,2937.771000,204.870000,WW_MIXBONDEQUITY
20200609,2956.112000,204.940000,WW_MIXBONDEQUITY
20200610,2943.752000,204.920000,WW_MIXBONDEQUITY
20200611,2920.897000,205.090000,WW_MIXBONDEQUITY
20200612,2919.741000,205.280000,WW_MIXBONDEQUITY
20200615,2890.031000,205.490000,WW_MIXBONDEQUITY
20200616,2931.749000,205.030000,WW_MIXBONDEQUITY
20200617,2935.873000,204.780000,WW_MIXBONDEQUITY
20200618,2939.315000,204.740000,WW_MIXBONDEQUITY
20200619,2967.634000,204.750000,WW_MIXBONDEQUITY
20200622,2965.272000,204.670000,WW_MIXBONDEQUITY
20200623,2970.620000,204.400000,WW_MIXBONDEQUITY
20200624,2979.551000,204.550000,WW_MIXBONDEQUITY
20200629,2961.516000,204.870000,WW_MIXBONDEQUITY
20200630,2984.674000,204.960000,WW_MIXBONDEQUITY
20200701,3025.981000,205.020000,WW_MIXBONDEQUITY
20200702,3090.569000,205.140000,WW_MIXBONDEQUITY
20200703,3152.813000,205.010000,WW_MIXBONDEQUITY
20200706,3332.881000,204.510000,WW_MIXBONDEQUITY
20200707,3345.337000,203.990000,WW_MIXBONDEQUITY
20200708,3403.440000,203.740000,WW_MIXBONDEQUITY
20200709,3450.594000,203.260000,WW_MIXBONDEQUITY
20200710,3383.322000,203.200000,WW_MIXBONDEQUITY
20200713,3443.286000,203.080000,WW_MIXBONDEQUITY
20200714,3414.619000,203.070000,WW_MIXBONDEQUITY
20200715,3361.304000,203.250000,WW_MIXBONDEQUITY
20200716,3210.099000,203.460000,WW_MIXBONDEQUITY
20200717,3214.129000,203.510000,WW_MIXBONDEQUITY
20200720,3314.149000,203.580000,WW_MIXBONDEQUITY
20200721,3320.895000,203.960000,WW_MIXBONDEQUITY
20200722,3333.164000,204.160000,WW_MIXBONDEQUITY
20200723,3325.110000,204.260000,WW_MIXBONDEQUITY
20200724,3196.768000,204.550000,WW_MIXBONDEQUITY
20200727,3205.227000,204.640000,WW_MIXBONDEQUITY
20200728,3227.960000,204.550000,WW_MIXBONDEQUITY
20200729,3294.552000,204.380000,WW_MIXBONDEQUITY
20200730,3286.822000,204.240000,WW_MIXBONDEQUITY
20200731,3310.007000,204.160000,WW_MIXBONDEQUITY
20200803,3367.966000,204.170000,WW_MIXBONDEQUITY
20200804,3371.688000,204.220000,WW_MIXBONDEQUITY
20200805,3377.565000,204.180000,WW_MIXBONDEQUITY
20200806,3386.463000,204.130000,WW_MIXBONDEQUITY
20200807,3354.035000,204.030000,WW_MIXBONDEQUITY
20200810,3379.252000,204.120000,WW_MIXBONDEQUITY
20200811,3340.290000,204.190000,WW_MIXBONDEQUITY
20200812,3319.266000,204.140000,WW_MIXBONDEQUITY
20200813,3320.726000,204.150000,WW_MIXBONDEQUITY
20200814,3360.099000,204.220000,WW_MIXBONDEQUITY
20200817,3438.801000,204.370000,WW_MIXBONDEQUITY
20200818,3451.089000,204.360000,WW_MIXBONDEQUITY
20200819,3408.129000,204.220000,WW_MIXBONDEQUITY
20200820,3363.899000,204.050000,WW_MIXBONDEQUITY
20200821,3380.683000,203.960000,WW_MIXBONDEQUITY
20200824,3385.638000,203.990000,WW_MIXBONDEQUITY
20200825,3373.578000,203.750000,WW_MIXBONDEQUITY
20200826,3329.739000,203.570000,WW_MIXBONDEQUITY
20200827,3350.113000,203.500000,WW_MIXBONDEQUITY
20200828,3403.807000,203.280000,WW_MIXBONDEQUITY
20200831,3395.677000,203.420000,WW_MIXBONDEQUITY
20200901,3410.607000,203.460000,WW_MIXBONDEQUITY
20200902,3404.802000,203.280000,WW_MIXBONDEQUITY
20200903,3384.981000,203.180000,WW_MIXBONDEQUITY
20200904,3355.367000,203.100000,WW_MIXBONDEQUITY
20200907,3292.591000,202.980000,WW_MIXBONDEQUITY
20200908,3316.417000,203.020000,WW_MIXBONDEQUITY
20200909,3254.628000,203.170000,WW_MIXBONDEQUITY
20200910,3234.823000,203.340000,WW_MIXBONDEQUITY
20200911,3260.346000,203.240000,WW_MIXBONDEQUITY
20200914,3278.814000,203.120000,WW_MIXBONDEQUITY
20200915,3295.679000,203.260000,WW_MIXBONDEQUITY
20200916,3283.924000,203.270000,WW_MIXBONDEQUITY
20200917,3270.435000,203.270000,WW_MIXBONDEQUITY
20200918,3338.090000,203.290000,WW_MIXBONDEQUITY
20200921,3316.935000,203.390000,WW_MIXBONDEQUITY
20200922,3274.302000,203.530000,WW_MIXBONDEQUITY
20200923,3279.710000,203.550000,WW_MIXBONDEQUITY
20200924,3223.177000,203.560000,WW_MIXBONDEQUITY
20200925,3219.418000,203.480000,WW_MIXBONDEQUITY
20200928,3217.535000,203.470000,WW_MIXBONDEQUITY
20200929,3224.359000,203.430000,WW_MIXBONDEQUITY
20200930,3218.052000,203.360000,WW_MIXBONDEQUITY
20201009,3272.076000,203.330000,WW_MIXBONDEQUITY
20201012,3358.465000,203.280000,WW_MIXBONDEQUITY
20201013,3359.750000,203.290000,WW_MIXBONDEQUITY
20201014,3340.778000,203.220000,WW_MIXBONDEQUITY
20201015,3332.183000,203.180000,WW_MIXBONDEQUITY
20201016,3336.358000,203.190000,WW_MIXBONDEQUITY
20201019,3312.667000,203.370000,WW_MIXBONDEQUITY
20201020,3328.103000,203.420000,WW_MIXBONDEQUITY
20201021,3325.025000,203.500000,WW_MIXBONDEQUITY
20201022,3312.501000,203.760000,WW_MIXBONDEQUITY
20201023,3277.997000,203.740000,WW_MIXBONDEQUITY
20201026,3251.119000,203.790000,WW_MIXBONDEQUITY
20201027,3254.316000,203.850000,WW_MIXBONDEQUITY
20201028,3269.238000,203.900000,WW_MIXBONDEQUITY
20201029,3272.727000,203.950000,WW_MIXBONDEQUITY
20201030,3224.532000,204.000000,WW_MIXBONDEQUITY
20201102,3225.120000,204.100000,WW_MIXBONDEQUITY
20201103,3271.074000,204.190000,WW_MIXBONDEQUITY
20201104,3277.440000,204.250000,WW_MIXBONDEQUITY
20201105,3320.133000,204.320000,WW_MIXBONDEQUITY
20201106,3312.159000,204.260000,WW_MIXBONDEQUITY
20201109,3373.734000,204.270000,WW_MIXBONDEQUITY
20201110,3360.148000,204.240000,WW_MIXBONDEQUITY
20201111,3342.202000,204.190000,WW_MIXBONDEQUITY
20201112,3338.679000,204.190000,WW_MIXBONDEQUITY
20201113,3310.104000,204.010000,WW_MIXBONDEQUITY
20201116,3346.969000,204.060000,WW_MIXBONDEQUITY
20201117,3339.895000,203.960000,WW_MIXBONDEQUITY
20201118,3347.303000,203.780000,WW_MIXBONDEQUITY
20201119,3363.088000,203.650000,WW_MIXBONDEQUITY
20201120,3377.727000,203.600000,WW_MIXBONDEQUITY
20201123,3414.490000,203.810000,WW_MIXBONDEQUITY
20201124,3402.823000,203.800000,WW_MIXBONDEQUITY
20201125,3362.327000,203.960000,WW_MIXBONDEQUITY
20201126,3369.733000,204.010000,WW_MIXBONDEQUITY
20201127,3408.307000,203.980000,WW_MIXBONDEQUITY
20201130,3391.755000,204.350000,WW_MIXBONDEQUITY
20201201,3451.938000,204.330000,WW_MIXBONDEQUITY
20201202,3449.381000,204.250000,WW_MIXBONDEQUITY
20201203,3442.136000,204.300000,WW_MIXBONDEQUITY
20201204,3444.581000,204.420000,WW_MIXBONDEQUITY
20201207,3416.604000,204.420000,WW_MIXBONDEQUITY
20201208,3410.177000,204.580000,WW_MIXBONDEQUITY
20201209,3371.964000,204.610000,WW_MIXBONDEQUITY
20201210,3373.276000,204.710000,WW_MIXBONDEQUITY
20201211,3347.191000,204.570000,WW_MIXBONDEQUITY
20201214,3369.120000,204.600000,WW_MIXBONDEQUITY
20201215,3367.233000,204.760000,WW_MIXBONDEQUITY
20201216,3366.983000,204.880000,WW_MIXBONDEQUITY
20201217,3404.873000,204.870000,WW_MIXBONDEQUITY
20201218,3394.896000,204.890000,WW_MIXBONDEQUITY
20201221,3420.569000,205.160000,WW_MIXBONDEQUITY
20201222,3356.782000,205.430000,WW_MIXBONDEQUITY
20201223,3382.320000,205.510000,WW_MIXBONDEQUITY
20201224,3363.113000,205.420000,WW_MIXBONDEQUITY
20201225,3396.563000,205.580000,WW_MIXBONDEQUITY
20201228,3397.285000,205.760000,WW_MIXBONDEQUITY
20201229,3379.036000,205.870000,WW_MIXBONDEQUITY
20201230,3414.453000,206.000000,WW_MIXBONDEQUITY
20201231,3473.069000,206.020000,WW_MIXBONDEQUITY
20210104,3502.958000,205.930000,WW_MIXBONDEQUITY
20210105,3528.677000,206.070000,WW_MIXBONDEQUITY
20210106,3550.877000,206.180000,WW_MIXBONDEQUITY
20210107,3576.205000,206.410000,WW_MIXBONDEQUITY
20210108,3570.108000,206.410000,WW_MIXBONDEQUITY
20210111,3531.498000,206.470000,WW_MIXBONDEQUITY
20210112,3608.339000,206.630000,WW_MIXBONDEQUITY
20210113,3598.652000,206.860000,WW_MIXBONDEQUITY
20210114,3565.905000,206.970000,WW_MIXBONDEQUITY
20210115,3566.378000,206.860000,WW_MIXBONDEQUITY
20210118,3596.224000,206.810000,WW_MIXBONDEQUITY
20210119,3566.381000,206.740000,WW_MIXBONDEQUITY
20210120,3583.092000,206.810000,WW_MIXBONDEQUITY
20210121,3621.264000,206.940000,WW_MIXBONDEQUITY
20210122,3606.750000,207.020000,WW_MIXBONDEQUITY
20210125,3624.238000,207.080000,WW_MIXBONDEQUITY
20210126,3569.429000,206.880000,WW_MIXBONDEQUITY
20210127,3573.341000,206.850000,WW_MIXBONDEQUITY
20210128,3505.176000,206.700000,WW_MIXBONDEQUITY
20210129,3483.069000,206.620000,WW_MIXBONDEQUITY
20210201,3505.284000,206.740000,WW_MIXBONDEQUITY
20210202,3533.685000,206.790000,WW_MIXBONDEQUITY
20210203,3517.308000,206.640000,WW_MIXBONDEQUITY
20210204,3501.859000,206.500000,WW_MIXBONDEQUITY
20210205,3496.333000,206.440000,WW_MIXBONDEQUITY
20210208,3532.447000,206.480000,WW_MIXBONDEQUITY
20210209,3603.489000,206.510000,WW_MIXBONDEQUITY
20210210,3655.088000,206.520000,WW_MIXBONDEQUITY
20210218,3675.357000,206.400000,WW_MIXBONDEQUITY
20210219,3696.168000,206.490000,WW_MIXBONDEQUITY
20210222,3642.445000,206.530000,WW_MIXBONDEQUITY
20210223,3636.357000,206.570000,WW_MIXBONDEQUITY
20210224,3564.080000,206.720000,WW_MIXBONDEQUITY
20210225,3585.046000,206.680000,WW_MIXBONDEQUITY
20210226,3509.080000,206.640000,WW_MIXBONDEQUITY
20210301,3551.400000,206.820000,WW_MIXBONDEQUITY
20210302,3508.591000,206.900000,WW_MIXBONDEQUITY
20210303,3576.905000,206.900000,WW_MIXBONDEQUITY
20210304,3503.492000,206.890000,WW_MIXBONDEQUITY
20210305,3501.987000,206.990000,WW_MIXBONDEQUITY
20210308,3421.414000,207.110000,WW_MIXBONDEQUITY
20210309,3359.292000,207.070000,WW_MIXBONDEQUITY
20210310,3357.737000,207.130000,WW_MIXBONDEQUITY
20210311,3436.831000,207.170000,WW_MIXBONDEQUITY
20210312,3453.078000,207.180000,WW_MIXBONDEQUITY
20210315,3419.946000,207.170000,WW_MIXBONDEQUITY
20210316,3446.733000,207.250000,WW_MIXBONDEQUITY
20210317,3445.551000,207.310000,WW_MIXBONDEQUITY
20210318,3463.068000,207.340000,WW_MIXBONDEQUITY
20210319,3404.663000,207.460000,WW_MIXBONDEQUITY
20210322,3443.439000,207.570000,WW_MIXBONDEQUITY
20210323,3411.509000,207.640000,WW_MIXBONDEQUITY
20210324,3367.061000,207.870000,WW_MIXBONDEQUITY
20210325,3363.592000,207.900000,WW_MIXBONDEQUITY
20210326,3418.327000,207.880000,WW_MIXBONDEQUITY
20210329,3435.296000,207.900000,WW_MIXBONDEQUITY
20210330,3456.677000,207.980000,WW_MIXBONDEQUITY
20210331,3441.912000,208.040000,WW_MIXBONDEQUITY
20210401,3466.332000,208.040000,WW_MIXBONDEQUITY
20210402,3484.392000,208.080000,WW_MIXBONDEQUITY
20210406,3482.967000,208.110000,WW_MIXBONDEQUITY
20210407,3479.625000,208.150000,WW_MIXBONDEQUITY
20210408,3482.555000,208.150000,WW_MIXBONDEQUITY
20210409,3450.677000,208.220000,WW_MIXBONDEQUITY
20210412,3412.948000,208.360000,WW_MIXBONDEQUITY
20210413,3396.470000,208.640000,WW_MIXBONDEQUITY
20210414,3416.721000,208.680000,WW_MIXBONDEQUITY
20210415,3398.988000,208.720000,WW_MIXBONDEQUITY
20210416,3426.618000,208.790000,WW_MIXBONDEQUITY
20210419,3477.549000,208.920000,WW_MIXBONDEQUITY
20210420,3472.943000,209.060000,WW_MIXBONDEQUITY
20210421,3472.930000,209.130000,WW_MIXBONDEQUITY
20210422,3465.114000,209.170000,WW_MIXBONDEQUITY
20210423,3474.166000,209.190000,WW_MIXBONDEQUITY
20210426,3441.166000,209.020000,WW_MIXBONDEQUITY
20210427,3442.611000,208.960000,WW_MIXBONDEQUITY
20210428,3457.068000,208.990000,WW_MIXBONDEQUITY
20210429,3474.901000,209.000000,WW_MIXBONDEQUITY
20210430,3446.856000,209.100000,WW_MIXBONDEQUITY
20210506,3441.283000,209.260000,WW_MIXBONDEQUITY
20210507,3418.874000,209.320000,WW_MIXBONDEQUITY
20210510,3427.991000,209.460000,WW_MIXBONDEQUITY
20210511,3441.845000,209.560000,WW_MIXBONDEQUITY
20210512,3462.751000,209.660000,WW_MIXBONDEQUITY
20210513,3429.536000,209.610000,WW_MIXBONDEQUITY
20210514,3490.376000,209.690000,WW_MIXBONDEQUITY
20210517,3517.616000,209.690000,WW_MIXBONDEQUITY
20210518,3529.014000,209.700000,WW_MIXBONDEQUITY
20210519,3510.965000,209.820000,WW_MIXBONDEQUITY
20210520,3506.944000,210.000000,WW_MIXBONDEQUITY
20210521,3486.557000,210.230000,WW_MIXBONDEQUITY
20210524,3497.282000,210.280000,WW_MIXBONDEQUITY
20210525,3581.342000,210.300000,WW_MIXBONDEQUITY
20210526,3593.357000,210.410000,WW_MIXBONDEQUITY
20210527,3608.851000,210.360000,WW_MIXBONDEQUITY
20210528,3600.784000,210.330000,WW_MIXBONDEQUITY
20210531,3615.477000,210.400000,WW_MIXBONDEQUITY
20210601,3624.714000,210.460000,WW_MIXBONDEQUITY
20210602,3597.138000,210.400000,WW_MIXBONDEQUITY
20210603,3584.212000,210.450000,WW_MIXBONDEQUITY
20210604,3591.845000,210.360000,WW_MIXBONDEQUITY
20210607,3599.541000,210.170000,WW_MIXBONDEQUITY
20210608,3580.106000,210.150000,WW_MIXBONDEQUITY
20210609,3591.396000,210.150000,WW_MIXBONDEQUITY
20210610,3610.859000,210.250000,WW_MIXBONDEQUITY
20210611,3589.748000,210.180000,WW_MIXBONDEQUITY
20210615,3556.559000,210.210000,WW_MIXBONDEQUITY
20210616,3518.329000,210.200000,WW_MIXBONDEQUITY
20210617,3525.604000,210.120000,WW_MIXBONDEQUITY
20210618,3525.097000,210.120000,WW_MIXBONDEQUITY
20210621,3529.183000,210.270000,WW_MIXBONDEQUITY
20210622,3557.412000,210.300000,WW_MIXBONDEQUITY
20210623,3566.220000,210.380000,WW_MIXBONDEQUITY
20210624,3566.654000,210.480000,WW_MIXBONDEQUITY
20210625,3607.562000,210.540000,WW_MIXBONDEQUITY
20210628,3606.372000,210.590000,WW_MIXBONDEQUITY
20210629,3573.178000,210.660000,WW_MIXBONDEQUITY
20210630,3591.197000,210.780000,WW_MIXBONDEQUITY
20210701,3583.117000,210.820000,WW_MIXBONDEQUITY
20210702,3524.957000,210.880000,WW_MIXBONDEQUITY
20210705,3525.275000,210.990000,WW_MIXBONDEQUITY
20210706,3530.259000,211.030000,WW_MIXBONDEQUITY
20210707,3553.716000,211.200000,WW_MIXBONDEQUITY
20210708,3525.504000,211.760000,WW_MIXBONDEQUITY
20210709,3507.864000,211.780000,WW_MIXBONDEQUITY
