dist_key,dist_type,dist_value,model_id
科技,300,13.900000,192491
通信服务,300,0.390000,192491
能源,300,0.950000,192491
必需消费品,300,19.670000,192491
非必需消费品,300,11.870000,192491
房地产,300,2.630000,192491
医疗保健,300,5.400000,192491
原材料,300,8.180000,192491
金融,300,20.380000,192491
工业,300,13.960000,192491
公用事业,300,2.670000,192491
国债,700,68.210000,192491
现金等价物,700,19.670000,192491
企业债券,700,12.120000,192491
大市值股票,800,12.130000,192491
中市值股票,800,3.510000,192491
债券,800,76.290000,192491
货币市场,800,7.710000,192491
小市值股票,800,0.360000,192491
科技,300,13.900000,192492
通信服务,300,0.390000,192492
能源,300,0.950000,192492
必需消费品,300,19.670000,192492
非必需消费品,300,11.870000,192492
房地产,300,2.630000,192492
医疗保健,300,5.400000,192492
原材料,300,8.180000,192492
金融,300,20.380000,192492
工业,300,13.960000,192492
公用事业,300,2.670000,192492
国债,700,68.210000,192492
现金等价物,700,19.670000,192492
企业债券,700,12.120000,192492
大市值股票,800,12.130000,192492
中市值股票,800,3.510000,192492
债券,800,76.290000,192492
货币市场,800,7.710000,192492
小市值股票,800,0.360000,192492
科技,300,13.900000,192493
通信服务,300,0.390000,192493
能源,300,0.950000,192493
必需消费品,300,19.670000,192493
非必需消费品,300,11.870000,192493
房地产,300,2.630000,192493
医疗保健,300,5.400000,192493
原材料,300,8.180000,192493
金融,300,20.380000,192493
工业,300,13.960000,192493
公用事业,300,2.670000,192493
国债,700,68.210000,192493
现金等价物,700,19.670000,192493
企业债券,700,12.120000,192493
大市值股票,800,12.130000,192493
中市值股票,800,3.510000,192493
债券,800,76.290000,192493
货币市场,800,7.710000,192493
小市值股票,800,0.360000,192493
科技,300,13.900000,192494
通信服务,300,0.390000,192494
能源,300,0.950000,192494
必需消费品,300,19.670000,192494
非必需消费品,300,11.870000,192494
房地产,300,2.630000,192494
医疗保健,300,5.400000,192494
原材料,300,8.180000,192494
金融,300,20.380000,192494
工业,300,13.960000,192494
公用事业,300,2.670000,192494
国债,700,68.210000,192494
现金等价物,700,19.670000,192494
企业债券,700,12.120000,192494
大市值股票,800,12.130000,192494
中市值股票,800,3.510000,192494
债券,800,76.290000,192494
货币市场,800,7.710000,192494
小市值股票,800,0.360000,192494
科技,300,13.900000,192495
通信服务,300,0.390000,192495
能源,300,0.950000,192495
必需消费品,300,19.670000,192495
非必需消费品,300,11.870000,192495
房地产,300,2.630000,192495
医疗保健,300,5.400000,192495
原材料,300,8.180000,192495
金融,300,20.380000,192495
工业,300,13.960000,192495
公用事业,300,2.670000,192495
国债,700,68.210000,192495
现金等价物,700,19.670000,192495
企业债券,700,12.120000,192495
大市值股票,800,12.130000,192495
中市值股票,800,3.510000,192495
债券,800,76.290000,192495
货币市场,800,7.710000,192495
小市值股票,800,0.360000,192495
科技,300,13.830000,192496
通信服务,300,0.390000,192496
能源,300,0.890000,192496
必需消费品,300,19.940000,192496
非必需消费品,300,11.930000,192496
房地产,300,2.610000,192496
医疗保健,300,5.430000,192496
原材料,300,8.040000,192496
金融,300,20.290000,192496
工业,300,13.970000,192496
公用事业,300,2.680000,192496
国债,700,67.660000,192496
现金等价物,700,20.250000,192496
企业债券,700,12.090000,192496
大市值股票,800,13.640000,192496
中市值股票,800,3.940000,192496
债券,800,74.290000,192496
货币市场,800,7.710000,192496
小市值股票,800,0.420000,192496
科技,300,13.830000,192497
通信服务,300,0.390000,192497
能源,300,0.890000,192497
必需消费品,300,19.940000,192497
非必需消费品,300,11.930000,192497
房地产,300,2.610000,192497
医疗保健,300,5.430000,192497
原材料,300,8.040000,192497
金融,300,20.290000,192497
工业,300,13.970000,192497
公用事业,300,2.680000,192497
国债,700,67.660000,192497
现金等价物,700,20.250000,192497
企业债券,700,12.090000,192497
大市值股票,800,13.640000,192497
中市值股票,800,3.940000,192497
债券,800,74.290000,192497
货币市场,800,7.710000,192497
小市值股票,800,0.420000,192497
科技,300,13.830000,192498
通信服务,300,0.390000,192498
能源,300,0.890000,192498
必需消费品,300,19.940000,192498
非必需消费品,300,11.930000,192498
房地产,300,2.610000,192498
医疗保健,300,5.430000,192498
原材料,300,8.040000,192498
金融,300,20.290000,192498
工业,300,13.970000,192498
公用事业,300,2.680000,192498
国债,700,67.660000,192498
现金等价物,700,20.250000,192498
企业债券,700,12.090000,192498
大市值股票,800,13.640000,192498
中市值股票,800,3.940000,192498
债券,800,74.290000,192498
货币市场,800,7.710000,192498
小市值股票,800,0.420000,192498
科技,300,13.830000,192499
通信服务,300,0.390000,192499
能源,300,0.890000,192499
必需消费品,300,19.940000,192499
非必需消费品,300,11.930000,192499
房地产,300,2.610000,192499
医疗保健,300,5.430000,192499
原材料,300,8.040000,192499
金融,300,20.290000,192499
工业,300,13.970000,192499
公用事业,300,2.680000,192499
国债,700,67.660000,192499
现金等价物,700,20.250000,192499
企业债券,700,12.090000,192499
大市值股票,800,13.640000,192499
中市值股票,800,3.940000,192499
债券,800,74.290000,192499
货币市场,800,7.710000,192499
小市值股票,800,0.420000,192499
科技,300,13.830000,192500
通信服务,300,0.390000,192500
能源,300,0.890000,192500
必需消费品,300,19.940000,192500
非必需消费品,300,11.930000,192500
房地产,300,2.610000,192500
医疗保健,300,5.430000,192500
原材料,300,8.040000,192500
金融,300,20.290000,192500
工业,300,13.970000,192500
公用事业,300,2.680000,192500
国债,700,67.660000,192500
现金等价物,700,20.250000,192500
企业债券,700,12.090000,192500
大市值股票,800,13.640000,192500
中市值股票,800,3.940000,192500
债券,800,74.290000,192500
货币市场,800,7.710000,192500
小市值股票,800,0.420000,192500
科技,300,13.760000,192501
通信服务,300,0.400000,192501
能源,300,0.840000,192501
必需消费品,300,20.170000,192501
非必需消费品,300,11.990000,192501
房地产,300,2.590000,192501
医疗保健,300,5.460000,192501
原材料,300,7.910000,192501
金融,300,20.210000,192501
工业,300,13.990000,192501
公用事业,300,2.680000,192501
国债,700,67.080000,192501
现金等价物,700,20.860000,192501
企业债券,700,12.060000,192501
大市值股票,800,15.160000,192501
中市值股票,800,4.370000,192501
债券,800,72.290000,192501
货币市场,800,7.710000,192501
小市值股票,800,0.470000,192501
科技,300,13.760000,192502
通信服务,300,0.400000,192502
能源,300,0.840000,192502
必需消费品,300,20.170000,192502
非必需消费品,300,11.990000,192502
房地产,300,2.590000,192502
医疗保健,300,5.460000,192502
原材料,300,7.910000,192502
金融,300,20.210000,192502
工业,300,13.990000,192502
公用事业,300,2.680000,192502
国债,700,67.080000,192502
现金等价物,700,20.860000,192502
企业债券,700,12.060000,192502
大市值股票,800,15.160000,192502
中市值股票,800,4.370000,192502
债券,800,72.290000,192502
货币市场,800,7.710000,192502
小市值股票,800,0.470000,192502
科技,300,13.760000,192503
通信服务,300,0.400000,192503
能源,300,0.840000,192503
必需消费品,300,20.170000,192503
非必需消费品,300,11.990000,192503
房地产,300,2.590000,192503
医疗保健,300,5.460000,192503
原材料,300,7.910000,192503
金融,300,20.210000,192503
工业,300,13.990000,192503
公用事业,300,2.680000,192503
国债,700,67.080000,192503
现金等价物,700,20.860000,192503
企业债券,700,12.060000,192503
大市值股票,800,15.160000,192503
中市值股票,800,4.370000,192503
债券,800,72.290000,192503
货币市场,800,7.710000,192503
小市值股票,800,0.470000,192503
科技,300,13.760000,192504
通信服务,300,0.400000,192504
能源,300,0.840000,192504
必需消费品,300,20.170000,192504
非必需消费品,300,11.990000,192504
房地产,300,2.590000,192504
医疗保健,300,5.460000,192504
原材料,300,7.910000,192504
金融,300,20.210000,192504
工业,300,13.990000,192504
公用事业,300,2.680000,192504
国债,700,67.080000,192504
现金等价物,700,20.860000,192504
企业债券,700,12.060000,192504
大市值股票,800,15.160000,192504
中市值股票,800,4.370000,192504
债券,800,72.290000,192504
货币市场,800,7.710000,192504
小市值股票,800,0.470000,192504
科技,300,13.760000,192505
通信服务,300,0.400000,192505
能源,300,0.840000,192505
必需消费品,300,20.170000,192505
非必需消费品,300,11.990000,192505
房地产,300,2.590000,192505
医疗保健,300,5.460000,192505
原材料,300,7.910000,192505
金融,300,20.210000,192505
工业,300,13.990000,192505
公用事业,300,2.680000,192505
国债,700,67.080000,192505
现金等价物,700,20.860000,192505
企业债券,700,12.060000,192505
大市值股票,800,15.160000,192505
中市值股票,800,4.370000,192505
债券,800,72.290000,192505
货币市场,800,7.710000,192505
小市值股票,800,0.470000,192505
科技,300,13.730000,192506
通信服务,300,0.400000,192506
能源,300,0.790000,192506
必需消费品,300,20.360000,192506
非必需消费品,300,12.030000,192506
房地产,300,2.570000,192506
医疗保健,300,5.490000,192506
原材料,300,7.810000,192506
金融,300,20.130000,192506
工业,300,14.000000,192506
公用事业,300,2.690000,192506
国债,700,66.490000,192506
现金等价物,700,21.490000,192506
企业债券,700,12.020000,192506
大市值股票,800,16.670000,192506
中市值股票,800,4.810000,192506
债券,800,70.290000,192506
货币市场,800,7.710000,192506
小市值股票,800,0.520000,192506
科技,300,13.730000,192507
通信服务,300,0.400000,192507
能源,300,0.790000,192507
必需消费品,300,20.360000,192507
非必需消费品,300,12.030000,192507
房地产,300,2.570000,192507
医疗保健,300,5.490000,192507
原材料,300,7.810000,192507
金融,300,20.130000,192507
工业,300,14.000000,192507
公用事业,300,2.690000,192507
国债,700,66.490000,192507
现金等价物,700,21.490000,192507
企业债券,700,12.020000,192507
大市值股票,800,16.670000,192507
中市值股票,800,4.810000,192507
债券,800,70.290000,192507
货币市场,800,7.710000,192507
小市值股票,800,0.520000,192507
科技,300,13.730000,192508
通信服务,300,0.400000,192508
能源,300,0.790000,192508
必需消费品,300,20.360000,192508
非必需消费品,300,12.030000,192508
房地产,300,2.570000,192508
医疗保健,300,5.490000,192508
原材料,300,7.810000,192508
金融,300,20.130000,192508
工业,300,14.000000,192508
公用事业,300,2.690000,192508
国债,700,66.490000,192508
现金等价物,700,21.490000,192508
企业债券,700,12.020000,192508
大市值股票,800,16.670000,192508
中市值股票,800,4.810000,192508
债券,800,70.290000,192508
货币市场,800,7.710000,192508
小市值股票,800,0.520000,192508
科技,300,13.730000,192509
通信服务,300,0.400000,192509
能源,300,0.790000,192509
必需消费品,300,20.360000,192509
非必需消费品,300,12.030000,192509
房地产,300,2.570000,192509
医疗保健,300,5.490000,192509
原材料,300,7.810000,192509
金融,300,20.130000,192509
工业,300,14.000000,192509
公用事业,300,2.690000,192509
国债,700,66.490000,192509
现金等价物,700,21.490000,192509
企业债券,700,12.020000,192509
大市值股票,800,16.670000,192509
中市值股票,800,4.810000,192509
债券,800,70.290000,192509
货币市场,800,7.710000,192509
小市值股票,800,0.520000,192509
科技,300,13.730000,192510
通信服务,300,0.400000,192510
能源,300,0.790000,192510
必需消费品,300,20.360000,192510
非必需消费品,300,12.030000,192510
房地产,300,2.570000,192510
医疗保健,300,5.490000,192510
原材料,300,7.810000,192510
金融,300,20.130000,192510
工业,300,14.000000,192510
公用事业,300,2.690000,192510
国债,700,66.490000,192510
现金等价物,700,21.490000,192510
企业债券,700,12.020000,192510
大市值股票,800,16.670000,192510
中市值股票,800,4.810000,192510
债券,800,70.290000,192510
货币市场,800,7.710000,192510
小市值股票,800,0.520000,192510
科技,300,13.690000,192511
通信服务,300,0.400000,192511
能源,300,0.760000,192511
必需消费品,300,20.510000,192511
非必需消费品,300,12.070000,192511
房地产,300,2.560000,192511
医疗保健,300,5.510000,192511
原材料,300,7.730000,192511
金融,300,20.070000,192511
工业,300,14.010000,192511
公用事业,300,2.690000,192511
国债,700,65.870000,192511
现金等价物,700,22.130000,192511
企业债券,700,12.000000,192511
大市值股票,800,18.190000,192511
中市值股票,800,5.240000,192511
债券,800,68.290000,192511
货币市场,800,7.710000,192511
小市值股票,800,0.570000,192511
科技,300,13.690000,192512
通信服务,300,0.400000,192512
能源,300,0.760000,192512
必需消费品,300,20.510000,192512
非必需消费品,300,12.070000,192512
房地产,300,2.560000,192512
医疗保健,300,5.510000,192512
原材料,300,7.730000,192512
金融,300,20.070000,192512
工业,300,14.010000,192512
公用事业,300,2.690000,192512
国债,700,65.870000,192512
现金等价物,700,22.130000,192512
企业债券,700,12.000000,192512
大市值股票,800,18.190000,192512
中市值股票,800,5.240000,192512
债券,800,68.290000,192512
货币市场,800,7.710000,192512
小市值股票,800,0.570000,192512
科技,300,13.690000,192513
通信服务,300,0.400000,192513
能源,300,0.760000,192513
必需消费品,300,20.510000,192513
非必需消费品,300,12.070000,192513
房地产,300,2.560000,192513
医疗保健,300,5.510000,192513
原材料,300,7.730000,192513
金融,300,20.070000,192513
工业,300,14.010000,192513
公用事业,300,2.690000,192513
国债,700,65.870000,192513
现金等价物,700,22.130000,192513
企业债券,700,12.000000,192513
大市值股票,800,18.190000,192513
中市值股票,800,5.240000,192513
债券,800,68.290000,192513
货币市场,800,7.710000,192513
小市值股票,800,0.570000,192513
科技,300,13.690000,192514
通信服务,300,0.400000,192514
能源,300,0.760000,192514
必需消费品,300,20.510000,192514
非必需消费品,300,12.070000,192514
房地产,300,2.560000,192514
医疗保健,300,5.510000,192514
原材料,300,7.730000,192514
金融,300,20.070000,192514
工业,300,14.010000,192514
公用事业,300,2.690000,192514
国债,700,65.870000,192514
现金等价物,700,22.130000,192514
企业债券,700,12.000000,192514
大市值股票,800,18.190000,192514
中市值股票,800,5.240000,192514
债券,800,68.290000,192514
货币市场,800,7.710000,192514
小市值股票,800,0.570000,192514
科技,300,13.690000,192515
通信服务,300,0.400000,192515
能源,300,0.760000,192515
必需消费品,300,20.510000,192515
非必需消费品,300,12.070000,192515
房地产,300,2.560000,192515
医疗保健,300,5.510000,192515
原材料,300,7.730000,192515
金融,300,20.070000,192515
工业,300,14.010000,192515
公用事业,300,2.690000,192515
国债,700,65.870000,192515
现金等价物,700,22.130000,192515
企业债券,700,12.000000,192515
大市值股票,800,18.190000,192515
中市值股票,800,5.240000,192515
债券,800,68.290000,192515
货币市场,800,7.710000,192515
小市值股票,800,0.570000,192515
科技,300,15.710000,192516
通信服务,300,0.380000,192516
能源,300,0.600000,192516
必需消费品,300,12.110000,192516
非必需消费品,300,8.420000,192516
房地产,300,3.530000,192516
医疗保健,300,13.920000,192516
原材料,300,6.930000,192516
金融,300,24.140000,192516
工业,300,11.750000,192516
公用事业,300,2.510000,192516
国债,700,61.800000,192516
现金等价物,700,26.310000,192516
企业债券,700,11.890000,192516
大市值股票,800,25.910000,192516
中市值股票,800,9.250000,192516
债券,800,57.490000,192516
货币市场,800,6.520000,192516
小市值股票,800,0.830000,192516
科技,300,15.740000,192517
通信服务,300,0.380000,192517
能源,300,0.590000,192517
必需消费品,300,12.050000,192517
非必需消费品,300,8.390000,192517
房地产,300,3.540000,192517
医疗保健,300,13.920000,192517
原材料,300,6.920000,192517
金融,300,24.220000,192517
工业,300,11.740000,192517
公用事业,300,2.510000,192517
国债,700,61.800000,192517
现金等价物,700,26.320000,192517
企业债券,700,11.880000,192517
大市值股票,800,25.910000,192517
中市值股票,800,9.260000,192517
债券,800,57.490000,192517
货币市场,800,6.510000,192517
小市值股票,800,0.830000,192517
科技,300,15.750000,192518
通信服务,300,0.380000,192518
能源,300,0.600000,192518
必需消费品,300,12.170000,192518
非必需消费品,300,8.420000,192518
房地产,300,3.540000,192518
医疗保健,300,13.730000,192518
原材料,300,6.920000,192518
金融,300,24.220000,192518
工业,300,11.760000,192518
公用事业,300,2.510000,192518
国债,700,61.790000,192518
现金等价物,700,26.330000,192518
企业债券,700,11.880000,192518
大市值股票,800,25.950000,192518
中市值股票,800,9.220000,192518
债券,800,57.490000,192518
货币市场,800,6.510000,192518
小市值股票,800,0.830000,192518
科技,300,15.750000,192519
通信服务,300,0.380000,192519
能源,300,0.600000,192519
必需消费品,300,12.170000,192519
非必需消费品,300,8.420000,192519
房地产,300,3.540000,192519
医疗保健,300,13.730000,192519
原材料,300,6.920000,192519
金融,300,24.220000,192519
工业,300,11.760000,192519
公用事业,300,2.510000,192519
国债,700,61.790000,192519
现金等价物,700,26.330000,192519
企业债券,700,11.880000,192519
大市值股票,800,25.950000,192519
中市值股票,800,9.220000,192519
债券,800,57.490000,192519
货币市场,800,6.510000,192519
小市值股票,800,0.830000,192519
科技,300,15.830000,192520
通信服务,300,0.380000,192520
能源,300,0.590000,192520
必需消费品,300,12.170000,192520
非必需消费品,300,8.420000,192520
房地产,300,3.530000,192520
医疗保健,300,13.760000,192520
原材料,300,6.920000,192520
金融,300,24.130000,192520
工业,300,11.760000,192520
公用事业,300,2.510000,192520
国债,700,61.790000,192520
现金等价物,700,26.330000,192520
企业债券,700,11.880000,192520
大市值股票,800,25.940000,192520
中市值股票,800,9.230000,192520
债券,800,57.490000,192520
货币市场,800,6.510000,192520
小市值股票,800,0.830000,192520
科技,300,16.300000,192521
通信服务,300,0.370000,192521
能源,300,0.600000,192521
必需消费品,300,12.380000,192521
非必需消费品,300,8.540000,192521
房地产,300,3.440000,192521
医疗保健,300,13.570000,192521
原材料,300,7.050000,192521
金融,300,23.410000,192521
工业,300,11.820000,192521
公用事业,300,2.520000,192521
国债,700,60.910000,192521
现金等价物,700,27.240000,192521
企业债券,700,11.850000,192521
大市值股票,800,27.100000,192521
中市值股票,800,10.000000,192521
债券,800,55.490000,192521
货币市场,800,6.510000,192521
小市值股票,800,0.900000,192521
科技,300,15.620000,192522
通信服务,300,0.380000,192522
能源,300,0.600000,192522
必需消费品,300,11.960000,192522
非必需消费品,300,8.510000,192522
房地产,300,3.410000,192522
医疗保健,300,14.910000,192522
原材料,300,7.000000,192522
金融,300,23.350000,192522
工业,300,11.740000,192522
公用事业,300,2.520000,192522
国债,700,61.040000,192522
现金等价物,700,27.100000,192522
企业债券,700,11.860000,192522
大市值股票,800,26.950000,192522
中市值股票,800,10.160000,192522
债券,800,55.490000,192522
货币市场,800,6.500000,192522
小市值股票,800,0.900000,192522
科技,300,15.810000,192523
通信服务,300,0.370000,192523
能源,300,0.600000,192523
必需消费品,300,12.780000,192523
非必需消费品,300,8.760000,192523
房地产,300,3.410000,192523
医疗保健,300,13.540000,192523
原材料,300,7.020000,192523
金融,300,23.310000,192523
工业,300,11.880000,192523
公用事业,300,2.520000,192523
国债,700,60.960000,192523
现金等价物,700,27.200000,192523
企业债券,700,11.840000,192523
大市值股票,800,27.180000,192523
中市值股票,800,9.920000,192523
债券,800,55.490000,192523
货币市场,800,6.510000,192523
小市值股票,800,0.900000,192523
科技,300,15.690000,192524
通信服务,300,0.370000,192524
能源,300,0.600000,192524
必需消费品,300,11.960000,192524
非必需消费品,300,8.360000,192524
房地产,300,3.700000,192524
医疗保健,300,13.340000,192524
原材料,300,7.050000,192524
金融,300,24.660000,192524
工业,300,11.750000,192524
公用事业,300,2.520000,192524
国债,700,60.890000,192524
现金等价物,700,27.260000,192524
企业债券,700,11.850000,192524
大市值股票,800,27.120000,192524
中市值股票,800,9.980000,192524
债券,800,55.490000,192524
货币市场,800,6.510000,192524
小市值股票,800,0.900000,192524
科技,300,16.740000,192525
通信服务,300,0.370000,192525
能源,300,0.610000,192525
必需消费品,300,11.970000,192525
非必需消费品,300,8.350000,192525
房地产,300,3.400000,192525
医疗保健,300,14.050000,192525
原材料,300,7.060000,192525
金融,300,23.180000,192525
工业,300,11.750000,192525
公用事业,300,2.520000,192525
国债,700,60.900000,192525
现金等价物,700,27.250000,192525
企业债券,700,11.850000,192525
大市值股票,800,26.970000,192525
中市值股票,800,10.130000,192525
债券,800,55.490000,192525
货币市场,800,6.510000,192525
小市值股票,800,0.900000,192525
科技,300,16.680000,192526
通信服务,300,0.360000,192526
能源,300,0.610000,192526
必需消费品,300,12.590000,192526
非必需消费品,300,8.650000,192526
房地产,300,3.350000,192526
医疗保健,300,13.470000,192526
原材料,300,7.130000,192526
金融,300,22.760000,192526
工业,300,11.870000,192526
公用事业,300,2.530000,192526
国债,700,60.010000,192526
现金等价物,700,28.190000,192526
企业债券,700,11.800000,192526
大市值股票,800,28.300000,192526
中市值股票,800,10.740000,192526
债券,800,53.490000,192526
货币市场,800,6.510000,192526
小市值股票,800,0.960000,192526
科技,300,15.570000,192527
通信服务,300,0.360000,192527
能源,300,0.610000,192527
必需消费品,300,11.770000,192527
非必需消费品,300,8.590000,192527
房地产,300,3.320000,192527
医疗保健,300,15.830000,192527
原材料,300,7.130000,192527
金融,300,22.560000,192527
工业,300,11.730000,192527
公用事业,300,2.530000,192527
国债,700,60.220000,192527
现金等价物,700,27.960000,192527
企业债券,700,11.820000,192527
大市值股票,800,27.850000,192527
中市值股票,800,11.180000,192527
债券,800,53.490000,192527
货币市场,800,6.510000,192527
小市值股票,800,0.970000,192527
科技,300,15.930000,192528
通信服务,300,0.360000,192528
能源,300,0.610000,192528
必需消费品,300,13.340000,192528
非必需消费品,300,9.030000,192528
房地产,300,3.340000,192528
医疗保健,300,13.040000,192528
原材料,300,7.140000,192528
金融,300,22.680000,192528
工业,300,12.000000,192528
公用事业,300,2.530000,192528
国债,700,60.060000,192528
现金等价物,700,28.150000,192528
企业债券,700,11.790000,192528
大市值股票,800,28.420000,192528
中市值股票,800,10.620000,192528
债券,800,53.490000,192528
货币市场,800,6.510000,192528
小市值股票,800,0.960000,192528
科技,300,15.580000,192529
通信服务,300,0.360000,192529
能源,300,0.610000,192529
必需消费品,300,11.770000,192529
非必需消费品,300,8.300000,192529
房地产,300,3.850000,192529
医疗保健,300,12.990000,192529
原材料,300,7.150000,192529
金融,300,25.110000,192529
工业,300,11.750000,192529
公用事业,300,2.530000,192529
国债,700,59.970000,192529
现金等价物,700,28.220000,192529
企业债券,700,11.810000,192529
大市值股票,800,28.330000,192529
中市值股票,800,10.700000,192529
债券,800,53.490000,192529
货币市场,800,6.520000,192529
小市值股票,800,0.960000,192529
科技,300,17.530000,192530
通信服务,300,0.360000,192530
能源,300,0.610000,192530
必需消费品,300,11.900000,192530
非必需消费品,300,8.280000,192530
房地产,300,3.340000,192530
医疗保健,300,13.910000,192530
原材料,300,7.130000,192530
金融,300,22.670000,192530
工业,300,11.740000,192530
公用事业,300,2.530000,192530
国债,700,59.970000,192530
现金等价物,700,28.220000,192530
企业债券,700,11.810000,192530
大市值股票,800,28.180000,192530
中市值股票,800,10.860000,192530
债券,800,53.490000,192530
货币市场,800,6.510000,192530
小市值股票,800,0.960000,192530
科技,300,16.900000,192531
通信服务,300,0.360000,192531
能源,300,0.590000,192531
必需消费品,300,12.790000,192531
非必需消费品,300,8.690000,192531
房地产,300,3.300000,192531
医疗保健,300,13.360000,192531
原材料,300,7.100000,192531
金融,300,22.490000,192531
工业,300,11.890000,192531
公用事业,300,2.530000,192531
国债,700,59.130000,192531
现金等价物,700,29.120000,192531
企业债券,700,11.750000,192531
大市值股票,800,29.740000,192531
中市值股票,800,11.250000,192531
债券,800,51.490000,192531
货币市场,800,6.510000,192531
小市值股票,800,1.010000,192531
科技,300,15.480000,192532
通信服务,300,0.360000,192532
能源,300,0.590000,192532
必需消费品,300,11.700000,192532
非必需消费品,300,8.580000,192532
房地产,300,3.290000,192532
医疗保健,300,16.210000,192532
原材料,300,7.090000,192532
金融,300,22.460000,192532
工业,300,11.710000,192532
公用事业,300,2.530000,192532
国债,700,59.400000,192532
现金等价物,700,28.830000,192532
企业债券,700,11.770000,192532
大市值股票,800,29.180000,192532
中市值股票,800,11.810000,192532
债券,800,51.490000,192532
货币市场,800,6.500000,192532
小市值股票,800,1.020000,192532
科技,300,15.760000,192533
通信服务,300,0.360000,192533
能源,300,0.590000,192533
必需消费品,300,13.840000,192533
非必需消费品,300,9.230000,192533
房地产,300,3.300000,192533
医疗保健,300,12.700000,192533
原材料,300,7.110000,192533
金融,300,22.500000,192533
工业,300,12.080000,192533
公用事业,300,2.530000,192533
国债,700,59.190000,192533
现金等价物,700,29.070000,192533
企业债券,700,11.740000,192533
大市值股票,800,29.940000,192533
中市值股票,800,11.050000,192533
债券,800,51.490000,192533
货币市场,800,6.510000,192533
小市值股票,800,1.010000,192533
科技,300,15.440000,192534
通信服务,300,0.360000,192534
能源,300,0.600000,192534
必需消费品,300,11.680000,192534
非必需消费品,300,8.250000,192534
房地产,300,3.920000,192534
医疗保健,300,12.900000,192534
原材料,300,7.120000,192534
金融,300,25.480000,192534
工业,300,11.720000,192534
公用事业,300,2.530000,192534
国债,700,59.080000,192534
现金等价物,700,29.150000,192534
企业债券,700,11.770000,192534
大市值股票,800,29.760000,192534
中市值股票,800,11.230000,192534
债券,800,51.490000,192534
货币市场,800,6.510000,192534
小市值股票,800,1.010000,192534
科技,300,18.060000,192535
通信服务,300,0.360000,192535
能源,300,0.590000,192535
必需消费品,300,11.760000,192535
非必需消费品,300,8.150000,192535
房地产,300,3.300000,192535
医疗保健,300,13.950000,192535
原材料,300,7.100000,192535
金融,300,22.490000,192535
工业,300,11.710000,192535
公用事业,300,2.530000,192535
国债,700,59.060000,192535
现金等价物,700,29.170000,192535
企业债券,700,11.770000,192535
大市值股票,800,29.560000,192535
中市值股票,800,11.430000,192535
债券,800,51.490000,192535
货币市场,800,6.510000,192535
小市值股票,800,1.010000,192535
科技,300,17.100000,192536
通信服务,300,0.370000,192536
能源,300,0.580000,192536
必需消费品,300,12.970000,192536
非必需消费品,300,8.730000,192536
房地产,300,3.250000,192536
医疗保健,300,13.230000,192536
原材料,300,7.080000,192536
金融,300,22.250000,192536
工业,300,11.910000,192536
公用事业,300,2.530000,192536
国债,700,58.220000,192536
现金等价物,700,30.070000,192536
企业债券,700,11.710000,192536
大市值股票,800,31.190000,192536
中市值股票,800,11.750000,192536
债券,800,49.490000,192536
货币市场,800,6.510000,192536
小市值股票,800,1.060000,192536
科技,300,15.680000,192537
通信服务,300,0.360000,192537
能源,300,0.580000,192537
必需消费品,300,11.900000,192537
非必需消费品,300,8.630000,192537
房地产,300,3.250000,192537
医疗保健,300,16.030000,192537
原材料,300,7.070000,192537
金融,300,22.230000,192537
工业,300,11.740000,192537
公用事业,300,2.530000,192537
国债,700,58.500000,192537
现金等价物,700,29.770000,192537
企业债券,700,11.730000,192537
大市值股票,800,30.610000,192537
中市值股票,800,12.330000,192537
债券,800,49.490000,192537
货币市场,800,6.500000,192537
小市值股票,800,1.070000,192537
科技,300,15.620000,192538
通信服务,300,0.370000,192538
能源,300,0.580000,192538
必需消费品,300,14.380000,192538
非必需消费品,300,9.470000,192538
房地产,300,3.210000,192538
医疗保健,300,12.520000,192538
原材料,300,7.080000,192538
金融,300,22.080000,192538
工业,300,12.160000,192538
公用事业,300,2.530000,192538
国债,700,58.330000,192538
现金等价物,700,29.980000,192538
企业债券,700,11.690000,192538
大市值股票,800,31.430000,192538
中市值股票,800,11.510000,192538
债券,800,49.490000,192538
货币市场,800,6.510000,192538
小市值股票,800,1.060000,192538
科技,300,15.670000,192539
通信服务,300,0.370000,192539
能源,300,0.580000,192539
必需消费品,300,11.880000,192539
非必需消费品,300,8.290000,192539
房地产,300,3.870000,192539
医疗保健,300,12.760000,192539
原材料,300,7.090000,192539
金融,300,25.200000,192539
工业,300,11.750000,192539
公用事业,300,2.540000,192539
国债,700,58.170000,192539
现金等价物,700,30.110000,192539
企业债券,700,11.720000,192539
大市值股票,800,31.210000,192539
中市值股票,800,11.730000,192539
债券,800,49.490000,192539
货币市场,800,6.510000,192539
小市值股票,800,1.060000,192539
科技,300,18.650000,192540
通信服务,300,0.370000,192540
能源,300,0.580000,192540
必需消费品,300,11.620000,192540
非必需消费品,300,8.040000,192540
房地产,300,3.210000,192540
医疗保健,300,14.180000,192540
原材料,300,7.080000,192540
金融,300,22.070000,192540
工业,300,11.670000,192540
公用事业,300,2.530000,192540
国债,700,58.130000,192540
现金等价物,700,30.130000,192540
企业债券,700,11.740000,192540
大市值股票,800,30.910000,192540
中市值股票,800,12.030000,192540
债券,800,49.490000,192540
货币市场,800,6.510000,192540
小市值股票,800,1.060000,192540
科技,300,17.310000,192541
通信服务,300,0.370000,192541
能源,300,0.570000,192541
必需消费品,300,13.180000,192541
非必需消费品,300,8.800000,192541
房地产,300,3.170000,192541
医疗保健,300,13.210000,192541
原材料,300,7.050000,192541
金融,300,21.860000,192541
工业,300,11.940000,192541
公用事业,300,2.540000,192541
国债,700,57.260000,192541
现金等价物,700,31.080000,192541
企业债券,700,11.660000,192541
大市值股票,800,32.620000,192541
中市值股票,800,12.270000,192541
债券,800,48.080000,192541
货币市场,800,5.920000,192541
小市值股票,800,1.110000,192541
科技,300,15.890000,192542
通信服务,300,0.370000,192542
能源,300,0.570000,192542
必需消费品,300,12.080000,192542
非必需消费品,300,8.670000,192542
房地产,300,3.200000,192542
医疗保健,300,15.880000,192542
原材料,300,7.040000,192542
金融,300,22.010000,192542
工业,300,11.760000,192542
公用事业,300,2.530000,192542
国债,700,57.540000,192542
现金等价物,700,30.780000,192542
企业债券,700,11.680000,192542
大市值股票,800,32.040000,192542
中市值股票,800,12.850000,192542
债券,800,48.080000,192542
货币市场,800,5.910000,192542
小市值股票,800,1.120000,192542
科技,300,15.830000,192543
通信服务,300,0.370000,192543
能源,300,0.570000,192543
必需消费品,300,14.530000,192543
非必需消费品,300,9.480000,192543
房地产,300,3.200000,192543
医疗保健,300,12.210000,192543
原材料,300,7.050000,192543
金融,300,22.040000,192543
工业,300,12.180000,192543
公用事业,300,2.540000,192543
国债,700,57.340000,192543
现金等价物,700,31.020000,192543
企业债券,700,11.640000,192543
大市值股票,800,32.920000,192543
中市值股票,800,11.960000,192543
债券,800,48.080000,192543
货币市场,800,5.930000,192543
小市值股票,800,1.110000,192543
科技,300,15.960000,192544
通信服务,300,0.370000,192544
能源,300,0.570000,192544
必需消费品,300,12.120000,192544
非必需消费品,300,8.360000,192544
房地产,300,3.780000,192544
医疗保健,300,12.660000,192544
原材料,300,7.070000,192544
金融,300,24.790000,192544
工业,300,11.780000,192544
公用事业,300,2.540000,192544
国债,700,57.190000,192544
现金等价物,700,31.130000,192544
企业债券,700,11.680000,192544
大市值股票,800,32.660000,192544
中市值股票,800,12.220000,192544
债券,800,48.080000,192544
货币市场,800,5.930000,192544
小市值股票,800,1.110000,192544
科技,300,18.810000,192545
通信服务,300,0.370000,192545
能源,300,0.570000,192545
必需消费品,300,11.820000,192545
非必需消费品,300,8.080000,192545
房地产,300,3.200000,192545
医疗保健,300,13.840000,192545
原材料,300,7.050000,192545
金融,300,22.030000,192545
工业,300,11.700000,192545
公用事业,300,2.530000,192545
国债,700,57.130000,192545
现金等价物,700,31.190000,192545
企业债券,700,11.680000,192545
大市值股票,800,32.400000,192545
中市值股票,800,12.490000,192545
债券,800,48.080000,192545
货币市场,800,5.920000,192545
小市值股票,800,1.110000,192545
科技,300,17.470000,192546
通信服务,300,0.370000,192546
能源,300,0.560000,192546
必需消费品,300,13.300000,192546
非必需消费品,300,8.820000,192546
房地产,300,3.140000,192546
医疗保健,300,13.070000,192546
原材料,300,7.030000,192546
金融,300,21.750000,192546
工业,300,11.950000,192546
公用事业,300,2.540000,192546
国债,700,56.240000,192546
现金等价物,700,32.130000,192546
企业债券,700,11.630000,192546
大市值股票,800,34.080000,192546
中市值股票,800,12.760000,192546
债券,800,46.080000,192546
货币市场,800,5.920000,192546
小市值股票,800,1.160000,192546
科技,300,16.080000,192547
通信服务,300,0.370000,192547
能源,300,0.560000,192547
必需消费品,300,12.250000,192547
非必需消费品,300,8.710000,192547
房地产,300,3.160000,192547
医疗保健,300,15.740000,192547
原材料,300,7.020000,192547
金融,300,21.800000,192547
工业,300,11.780000,192547
公用事业,300,2.530000,192547
国债,700,56.540000,192547
现金等价物,700,31.810000,192547
企业债券,700,11.650000,192547
大市值股票,800,33.470000,192547
中市值股票,800,13.370000,192547
债券,800,46.080000,192547
货币市场,800,5.910000,192547
小市值股票,800,1.170000,192547
科技,300,16.040000,192548
通信服务,300,0.370000,192548
能源,300,0.560000,192548
必需消费品,300,14.660000,192548
非必需消费品,300,9.510000,192548
房地产,300,3.160000,192548
医疗保健,300,12.100000,192548
原材料,300,7.030000,192548
金融,300,21.840000,192548
工业,300,12.190000,192548
公用事业,300,2.540000,192548
国债,700,56.330000,192548
现金等价物,700,32.070000,192548
企业债券,700,11.600000,192548
大市值股票,800,34.380000,192548
中市值股票,800,12.460000,192548
债券,800,46.080000,192548
货币市场,800,5.920000,192548
小市值股票,800,1.160000,192548
科技,300,16.100000,192549
通信服务,300,0.370000,192549
能源,300,0.560000,192549
必需消费品,300,12.280000,192549
非必需消费品,300,8.400000,192549
房地产,300,3.750000,192549
医疗保健,300,12.530000,192549
原材料,300,7.040000,192549
金融,300,24.630000,192549
工业,300,11.800000,192549
公用事业,300,2.540000,192549
国债,700,56.170000,192549
现金等价物,700,32.190000,192549
企业债券,700,11.640000,192549
大市值股票,800,34.120000,192549
中市值股票,800,12.720000,192549
债券,800,46.080000,192549
货币市场,800,5.920000,192549
小市值股票,800,1.160000,192549
科技,300,18.950000,192550
通信服务,300,0.370000,192550
能源,300,0.560000,192550
必需消费品,300,12.010000,192550
非必需消费品,300,8.130000,192550
房地产,300,3.160000,192550
医疗保健,300,13.710000,192550
原材料,300,7.030000,192550
金融,300,21.820000,192550
工业,300,11.720000,192550
公用事业,300,2.540000,192550
国债,700,56.110000,192550
现金等价物,700,32.240000,192550
企业债券,700,11.650000,192550
大市值股票,800,33.840000,192550
中市值股票,800,13.000000,192550
债券,800,46.080000,192550
货币市场,800,5.920000,192550
小市值股票,800,1.160000,192550
科技,300,17.580000,192551
通信服务,300,0.370000,192551
能源,300,0.550000,192551
必需消费品,300,13.430000,192551
非必需消费品,300,8.850000,192551
房地产,300,3.120000,192551
医疗保健,300,12.940000,192551
原材料,300,7.010000,192551
金融,300,21.640000,192551
工业,300,11.970000,192551
公用事业,300,2.540000,192551
国债,700,55.190000,192551
现金等价物,700,33.230000,192551
企业债券,700,11.580000,192551
大市值股票,800,35.530000,192551
中市值股票,800,13.260000,192551
债券,800,44.080000,192551
货币市场,800,5.920000,192551
小市值股票,800,1.210000,192551
科技,300,16.250000,192552
通信服务,300,0.370000,192552
能源,300,0.550000,192552
必需消费品,300,12.410000,192552
非必需消费品,300,8.740000,192552
房地产,300,3.120000,192552
医疗保健,300,15.610000,192552
原材料,300,7.000000,192552
金融,300,21.620000,192552
工业,300,11.800000,192552
公用事业,300,2.530000,192552
国债,700,55.500000,192552
现金等价物,700,32.900000,192552
企业债券,700,11.600000,192552
大市值股票,800,34.900000,192552
中市值股票,800,13.890000,192552
债券,800,44.080000,192552
货币市场,800,5.910000,192552
小市值股票,800,1.220000,192552
科技,300,16.170000,192553
通信服务,300,0.370000,192553
能源,300,0.550000,192553
必需消费品,300,14.750000,192553
非必需消费品,300,9.530000,192553
房地产,300,3.120000,192553
医疗保健,300,12.110000,192553
原材料,300,7.010000,192553
金融,300,21.650000,192553
工业,300,12.200000,192553
公用事业,300,2.540000,192553
国债,700,55.300000,192553
现金等价物,700,33.140000,192553
企业债券,700,11.560000,192553
大市值股票,800,35.820000,192553
中市值股票,800,12.970000,192553
债券,800,44.080000,192553
货币市场,800,5.920000,192553
小市值股票,800,1.210000,192553
科技,300,16.260000,192554
通信服务,300,0.370000,192554
能源,300,0.560000,192554
必需消费品,300,12.410000,192554
非必需消费品,300,8.430000,192554
房地产,300,3.710000,192554
医疗保健,300,12.410000,192554
原材料,300,7.020000,192554
金融,300,24.480000,192554
工业,300,11.810000,192554
公用事业,300,2.540000,192554
国债,700,55.110000,192554
现金等价物,700,33.290000,192554
企业债券,700,11.600000,192554
大市值股票,800,35.570000,192554
中市值股票,800,13.220000,192554
债券,800,44.080000,192554
货币市场,800,5.920000,192554
小市值股票,800,1.210000,192554
科技,300,19.050000,192555
通信服务,300,0.370000,192555
能源,300,0.550000,192555
必需消费品,300,12.140000,192555
非必需消费品,300,8.170000,192555
房地产,300,3.120000,192555
医疗保健,300,13.690000,192555
原材料,300,7.000000,192555
金融,300,21.630000,192555
工业,300,11.740000,192555
公用事业,300,2.540000,192555
国债,700,55.070000,192555
现金等价物,700,33.330000,192555
企业债券,700,11.600000,192555
大市值股票,800,35.260000,192555
中市值股票,800,13.530000,192555
债券,800,44.080000,192555
货币市场,800,5.920000,192555
小市值股票,800,1.210000,192555
科技,300,17.630000,192556
通信服务,300,0.370000,192556
能源,300,0.550000,192556
必需消费品,300,13.490000,192556
非必需消费品,300,8.870000,192556
房地产,300,3.090000,192556
医疗保健,300,13.030000,192556
原材料,300,6.990000,192556
金融,300,21.470000,192556
工业,300,11.970000,192556
公用事业,300,2.540000,192556
国债,700,54.130000,192556
现金等价物,700,34.350000,192556
企业债券,700,11.520000,192556
大市值股票,800,36.930000,192556
中市值股票,800,13.800000,192556
债券,800,42.080000,192556
货币市场,800,5.930000,192556
小市值股票,800,1.260000,192556
科技,300,16.330000,192557
通信服务,300,0.370000,192557
能源,300,0.550000,192557
必需消费品,300,12.490000,192557
非必需消费品,300,8.770000,192557
房地产,300,3.080000,192557
医疗保健,300,15.660000,192557
原材料,300,6.980000,192557
金融,300,21.440000,192557
工业,300,11.800000,192557
公用事业,300,2.530000,192557
国债,700,54.460000,192557
现金等价物,700,34.000000,192557
企业债券,700,11.540000,192557
大市值股票,800,36.280000,192557
中市值股票,800,14.450000,192557
债券,800,42.080000,192557
货币市场,800,5.920000,192557
小市值股票,800,1.270000,192557
科技,300,16.370000,192558
通信服务,300,0.370000,192558
能源,300,0.550000,192558
必需消费品,300,14.910000,192558
非必需消费品,300,9.550000,192558
房地产,300,3.090000,192558
医疗保健,300,11.930000,192558
原材料,300,6.990000,192558
金融,300,21.480000,192558
工业,300,12.220000,192558
公用事业,300,2.540000,192558
国债,700,54.210000,192558
现金等价物,700,34.290000,192558
企业债券,700,11.500000,192558
大市值股票,800,37.300000,192558
中市值股票,800,13.440000,192558
债券,800,42.080000,192558
货币市场,800,5.920000,192558
小市值股票,800,1.260000,192558
科技,300,16.400000,192559
通信服务,300,0.370000,192559
能源,300,0.550000,192559
必需消费品,300,12.540000,192559
非必需消费品,300,8.460000,192559
房地产,300,3.680000,192559
医疗保健,300,12.300000,192559
原材料,300,7.000000,192559
金融,300,24.330000,192559
工业,300,11.830000,192559
公用事业,300,2.540000,192559
国债,700,54.020000,192559
现金等价物,700,34.440000,192559
企业债券,700,11.540000,192559
大市值股票,800,37.030000,192559
中市值股票,800,13.710000,192559
债券,800,42.080000,192559
货币市场,800,5.920000,192559
小市值股票,800,1.260000,192559
科技,300,19.220000,192560
通信服务,300,0.370000,192560
能源,300,0.550000,192560
必需消费品,300,12.320000,192560
非必需消费品,300,8.210000,192560
房地产,300,3.090000,192560
医疗保健,300,13.480000,192560
原材料,300,6.990000,192560
金融,300,21.470000,192560
工业,300,11.760000,192560
公用事业,300,2.540000,192560
国债,700,53.960000,192560
现金等价物,700,34.490000,192560
企业债券,700,11.550000,192560
大市值股票,800,36.730000,192560
中市值股票,800,14.010000,192560
债券,800,42.080000,192560
货币市场,800,5.920000,192560
小市值股票,800,1.260000,192560
科技,300,17.690000,192561
通信服务,300,0.370000,192561
能源,300,0.540000,192561
必需消费品,300,13.540000,192561
非必需消费品,300,8.890000,192561
房地产,300,3.050000,192561
医疗保健,300,13.140000,192561
原材料,300,6.970000,192561
金融,300,21.300000,192561
工业,300,11.970000,192561
公用事业,300,2.540000,192561
国债,700,53.000000,192561
现金等价物,700,35.530000,192561
企业债券,700,11.470000,192561
大市值股票,800,38.330000,192561
中市值股票,800,14.360000,192561
债券,800,40.080000,192561
货币市场,800,5.920000,192561
小市值股票,800,1.310000,192561
科技,300,16.390000,192562
通信服务,300,0.370000,192562
能源,300,0.540000,192562
必需消费品,300,12.560000,192562
非必需消费品,300,8.790000,192562
房地产,300,3.050000,192562
医疗保健,300,15.720000,192562
原材料,300,6.960000,192562
金融,300,21.280000,192562
工业,300,11.810000,192562
公用事业,300,2.530000,192562
国债,700,53.350000,192562
现金等价物,700,35.150000,192562
企业债券,700,11.500000,192562
大市值股票,800,37.670000,192562
中市值股票,800,15.010000,192562
债券,800,40.080000,192562
货币市场,800,5.920000,192562
小市值股票,800,1.320000,192562
科技,300,16.550000,192563
通信服务,300,0.370000,192563
能源,300,0.540000,192563
必需消费品,300,15.000000,192563
非必需消费品,300,9.570000,192563
房地产,300,3.050000,192563
医疗保健,300,11.870000,192563
原材料,300,6.970000,192563
金融,300,21.310000,192563
工业,300,12.230000,192563
公用事业,300,2.540000,192563
国债,700,53.070000,192563
现金等价物,700,35.490000,192563
企业债券,700,11.440000,192563
大市值股票,800,38.750000,192563
中市值股票,800,13.940000,192563
债券,800,40.080000,192563
货币市场,800,5.920000,192563
小市值股票,800,1.310000,192563
科技,300,16.530000,192564
通信服务,300,0.370000,192564
能源,300,0.540000,192564
必需消费品,300,12.660000,192564
非必需消费品,300,8.480000,192564
房地产,300,3.660000,192564
医疗保健,300,12.200000,192564
原材料,300,6.980000,192564
金融,300,24.200000,192564
工业,300,11.840000,192564
公用事业,300,2.540000,192564
国债,700,52.860000,192564
现金等价物,700,35.650000,192564
企业债券,700,11.490000,192564
大市值股票,800,38.480000,192564
中市值股票,800,14.210000,192564
债券,800,40.080000,192564
货币市场,800,5.920000,192564
小市值股票,800,1.310000,192564
科技,300,19.330000,192565
通信服务,300,0.370000,192565
能源,300,0.540000,192565
必需消费品,300,12.470000,192565
非必需消费品,300,8.250000,192565
房地产,300,3.050000,192565
医疗保健,300,13.410000,192565
原材料,300,6.960000,192565
金融,300,21.300000,192565
工业,300,11.780000,192565
公用事业,300,2.540000,192565
国债,700,52.810000,192565
现金等价物,700,35.700000,192565
企业债券,700,11.490000,192565
大市值股票,800,38.170000,192565
中市值股票,800,14.520000,192565
债券,800,40.080000,192565
货币市场,800,5.920000,192565
小市值股票,800,1.310000,192565
科技,300,17.730000,192566
通信服务,300,0.370000,192566
能源,300,0.530000,192566
必需消费品,300,13.600000,192566
非必需消费品,300,8.910000,192566
房地产,300,3.020000,192566
医疗保健,300,13.220000,192566
原材料,300,6.950000,192566
金融,300,21.150000,192566
工业,300,11.980000,192566
公用事业,300,2.540000,192566
国债,700,51.820000,192566
现金等价物,700,36.760000,192566
企业债券,700,11.420000,192566
大市值股票,800,39.740000,192566
中市值股票,800,14.900000,192566
债券,800,38.680000,192566
货币市场,800,5.320000,192566
小市值股票,800,1.360000,192566
科技,300,16.430000,192567
通信服务,300,0.370000,192567
能源,300,0.530000,192567
必需消费品,300,12.620000,192567
非必需消费品,300,8.820000,192567
房地产,300,3.020000,192567
医疗保健,300,15.780000,192567
原材料,300,6.940000,192567
金融,300,21.130000,192567
工业,300,11.820000,192567
公用事业,300,2.540000,192567
国债,700,52.180000,192567
现金等价物,700,36.370000,192567
企业债券,700,11.450000,192567
大市值股票,800,39.050000,192567
中市值股票,800,15.580000,192567
债券,800,38.680000,192567
货币市场,800,5.320000,192567
小市值股票,800,1.370000,192567
科技,300,16.680000,192568
通信服务,300,0.370000,192568
能源,300,0.530000,192568
必需消费品,300,15.110000,192568
非必需消费品,300,9.590000,192568
房地产,300,3.020000,192568
医疗保健,300,11.810000,192568
原材料,300,6.950000,192568
金融,300,21.160000,192568
工业,300,12.240000,192568
公用事业,300,2.540000,192568
国债,700,51.870000,192568
现金等价物,700,36.740000,192568
企业债券,700,11.390000,192568
大市值股票,800,40.210000,192568
中市值股票,800,14.430000,192568
债券,800,38.680000,192568
货币市场,800,5.320000,192568
小市值股票,800,1.360000,192568
科技,300,16.640000,192569
通信服务,300,0.370000,192569
能源,300,0.530000,192569
必需消费品,300,12.770000,192569
非必需消费品,300,8.510000,192569
房地产,300,3.630000,192569
医疗保健,300,12.100000,192569
原材料,300,6.970000,192569
金融,300,24.080000,192569
工业,300,11.860000,192569
公用事业,300,2.540000,192569
国债,700,51.640000,192569
现金等价物,700,36.920000,192569
企业债券,700,11.440000,192569
大市值股票,800,39.930000,192569
中市值股票,800,14.700000,192569
债券,800,38.680000,192569
货币市场,800,5.330000,192569
小市值股票,800,1.360000,192569
科技,300,19.430000,192570
通信服务,300,0.370000,192570
能源,300,0.530000,192570
必需消费品,300,12.600000,192570
非必需消费品,300,8.290000,192570
房地产,300,3.020000,192570
医疗保健,300,13.320000,192570
原材料,300,6.950000,192570
金融,300,21.150000,192570
工业,300,11.800000,192570
公用事业,300,2.540000,192570
国债,700,51.590000,192570
现金等价物,700,36.970000,192570
企业债券,700,11.440000,192570
大市值股票,800,39.610000,192570
中市值股票,800,15.030000,192570
债券,800,38.680000,192570
货币市场,800,5.320000,192570
小市值股票,800,1.360000,192570
科技,300,17.760000,192571
通信服务,300,0.370000,192571
能源,300,0.530000,192571
必需消费品,300,13.650000,192571
非必需消费品,300,8.940000,192571
房地产,300,2.990000,192571
医疗保健,300,13.300000,192571
原材料,300,6.930000,192571
金融,300,21.010000,192571
工业,300,11.980000,192571
公用事业,300,2.540000,192571
国债,700,50.580000,192571
现金等价物,700,38.050000,192571
企业债券,700,11.370000,192571
大市值股票,800,41.140000,192571
中市值股票,800,15.450000,192571
债券,800,36.680000,192571
货币市场,800,5.320000,192571
小市值股票,800,1.410000,192571
科技,300,16.500000,192572
通信服务,300,0.370000,192572
能源,300,0.530000,192572
必需消费品,300,12.680000,192572
非必需消费品,300,8.840000,192572
房地产,300,2.990000,192572
医疗保健,300,15.820000,192572
原材料,300,6.920000,192572
金融,300,20.990000,192572
工业,300,11.820000,192572
公用事业,300,2.540000,192572
国债,700,50.950000,192572
现金等价物,700,37.660000,192572
企业债券,700,11.390000,192572
大市值股票,800,40.440000,192572
中市值股票,800,16.140000,192572
债券,800,36.680000,192572
货币市场,800,5.320000,192572
小市值股票,800,1.420000,192572
科技,300,16.810000,192573
通信服务,300,0.370000,192573
能源,300,0.530000,192573
必需消费品,300,15.190000,192573
非必需消费品,300,9.610000,192573
房地产,300,2.990000,192573
医疗保健,300,11.740000,192573
原材料,300,6.940000,192573
金融,300,21.030000,192573
工业,300,12.250000,192573
公用事业,300,2.540000,192573
国债,700,50.610000,192573
现金等价物,700,38.050000,192573
企业债券,700,11.340000,192573
大市值股票,800,41.660000,192573
中市值股票,800,14.930000,192573
债券,800,36.680000,192573
货币市场,800,5.320000,192573
小市值股票,800,1.410000,192573
科技,300,16.750000,192574
通信服务,300,0.370000,192574
能源,300,0.530000,192574
必需消费品,300,12.870000,192574
非必需消费品,300,8.530000,192574
房地产,300,3.610000,192574
医疗保健,300,12.010000,192574
原材料,300,6.950000,192574
金融,300,23.970000,192574
工业,300,11.870000,192574
公用事业,300,2.540000,192574
国债,700,50.370000,192574
现金等价物,700,38.250000,192574
企业债券,700,11.380000,192574
大市值股票,800,41.390000,192574
中市值股票,800,15.200000,192574
债券,800,36.680000,192574
货币市场,800,5.310000,192574
小市值股票,800,1.420000,192574
科技,300,19.540000,192575
通信服务,300,0.370000,192575
能源,300,0.530000,192575
必需消费品,300,12.720000,192575
非必需消费品,300,8.320000,192575
房地产,300,2.990000,192575
医疗保健,300,13.240000,192575
原材料,300,6.930000,192575
金融,300,21.010000,192575
工业,300,11.810000,192575
公用事业,300,2.540000,192575
国债,700,50.310000,192575
现金等价物,700,38.290000,192575
企业债券,700,11.400000,192575
大市值股票,800,41.050000,192575
中市值股票,800,15.540000,192575
债券,800,36.680000,192575
货币市场,800,5.320000,192575
小市值股票,800,1.410000,192575
科技,300,17.800000,192576
通信服务,300,0.370000,192576
能源,300,0.520000,192576
必需消费品,300,13.700000,192576
非必需消费品,300,8.960000,192576
房地产,300,2.960000,192576
医疗保健,300,13.380000,192576
原材料,300,6.920000,192576
金融,300,20.870000,192576
工业,300,11.980000,192576
公用事业,300,2.540000,192576
国债,700,49.300000,192576
现金等价物,700,39.400000,192576
企业债券,700,11.300000,192576
大市值股票,800,42.540000,192576
中市值股票,800,16.000000,192576
债券,800,34.680000,192576
货币市场,800,5.320000,192576
小市值股票,800,1.460000,192576
科技,300,16.550000,192577
通信服务,300,0.370000,192577
能源,300,0.520000,192577
必需消费品,300,12.740000,192577
非必需消费品,300,8.860000,192577
房地产,300,2.960000,192577
医疗保健,300,15.870000,192577
原材料,300,6.910000,192577
金融,300,20.850000,192577
工业,300,11.830000,192577
公用事业,300,2.540000,192577
国债,700,49.680000,192577
现金等价物,700,38.990000,192577
企业债券,700,11.330000,192577
大市值股票,800,41.830000,192577
中市值股票,800,16.700000,192577
债券,800,34.680000,192577
货币市场,800,5.320000,192577
小市值股票,800,1.470000,192577
科技,300,16.970000,192578
通信服务,300,0.370000,192578
能源,300,0.520000,192578
必需消费品,300,15.310000,192578
非必需消费品,300,9.640000,192578
房地产,300,2.940000,192578
医疗保健,300,11.760000,192578
原材料,300,6.920000,192578
金融,300,20.770000,192578
工业,300,12.260000,192578
公用事业,300,2.540000,192578
国债,700,49.330000,192578
现金等价物,700,39.410000,192578
企业债券,700,11.260000,192578
大市值股票,800,43.110000,192578
中市值股票,800,15.430000,192578
债券,800,34.680000,192578
货币市场,800,5.320000,192578
小市值股票,800,1.460000,192578
科技,300,16.880000,192579
通信服务,300,0.370000,192579
能源,300,0.520000,192579
必需消费品,300,12.980000,192579
非必需消费品,300,8.550000,192579
房地产,300,3.590000,192579
医疗保健,300,11.880000,192579
原材料,300,6.940000,192579
金融,300,23.870000,192579
工业,300,11.880000,192579
公用事业,300,2.540000,192579
国债,700,49.040000,192579
现金等价物,700,39.640000,192579
企业债券,700,11.320000,192579
大市值股票,800,42.850000,192579
中市值股票,800,15.680000,192579
债券,800,34.680000,192579
货币市场,800,5.320000,192579
小市值股票,800,1.470000,192579
科技,300,19.660000,192580
通信服务,300,0.370000,192580
能源,300,0.520000,192580
必需消费品,300,12.850000,192580
非必需消费品,300,8.370000,192580
房地产,300,2.940000,192580
医疗保健,300,13.240000,192580
原材料,300,6.920000,192580
金融,300,20.760000,192580
工业,300,11.830000,192580
公用事业,300,2.540000,192580
国债,700,49.000000,192580
现金等价物,700,39.670000,192580
企业债券,700,11.330000,192580
大市值股票,800,42.480000,192580
中市值股票,800,16.060000,192580
债券,800,34.680000,192580
货币市场,800,5.320000,192580
小市值股票,800,1.460000,192580
科技,300,17.850000,192581
通信服务,300,0.370000,192581
能源,300,0.510000,192581
必需消费品,300,13.730000,192581
非必需消费品,300,8.970000,192581
房地产,300,2.940000,192581
医疗保健,300,13.450000,192581
原材料,300,6.900000,192581
金融,300,20.750000,192581
工业,300,11.990000,192581
公用事业,300,2.540000,192581
国债,700,47.930000,192581
现金等价物,700,40.820000,192581
企业债券,700,11.250000,192581
大市值股票,800,43.940000,192581
中市值股票,800,16.550000,192581
债券,800,32.680000,192581
货币市场,800,5.320000,192581
小市值股票,800,1.510000,192581
科技,300,16.600000,192582
通信服务,300,0.370000,192582
能源,300,0.510000,192582
必需消费品,300,12.800000,192582
非必需消费品,300,8.880000,192582
房地产,300,2.930000,192582
医疗保健,300,15.920000,192582
原材料,300,6.890000,192582
金融,300,20.730000,192582
工业,300,11.830000,192582
公用事业,300,2.540000,192582
国债,700,48.330000,192582
现金等价物,700,40.400000,192582
企业债券,700,11.270000,192582
大市值股票,800,43.210000,192582
中市值股票,800,17.260000,192582
债券,800,32.680000,192582
货币市场,800,5.330000,192582
小市值股票,800,1.520000,192582
科技,300,17.070000,192583
通信服务,300,0.370000,192583
能源,300,0.510000,192583
必需消费品,300,15.370000,192583
非必需消费品,300,9.650000,192583
房地产,300,2.930000,192583
医疗保健,300,11.680000,192583
原材料,300,6.910000,192583
金融,300,20.700000,192583
工业,300,12.270000,192583
公用事业,300,2.540000,192583
国债,700,47.940000,192583
现金等价物,700,40.860000,192583
企业债券,700,11.200000,192583
大市值股票,800,44.570000,192583
中市值股票,800,15.920000,192583
债券,800,32.680000,192583
货币市场,800,5.320000,192583
小市值股票,800,1.510000,192583
科技,300,16.940000,192584
通信服务,300,0.370000,192584
能源,300,0.510000,192584
必需消费品,300,13.030000,192584
非必需消费品,300,8.570000,192584
房地产,300,3.550000,192584
医疗保健,300,11.970000,192584
原材料,300,6.920000,192584
金融,300,23.710000,192584
工业,300,11.890000,192584
公用事业,300,2.540000,192584
国债,700,47.650000,192584
现金等价物,700,41.080000,192584
企业债券,700,11.270000,192584
大市值股票,800,44.260000,192584
中市值股票,800,16.220000,192584
债券,800,32.680000,192584
货币市场,800,5.320000,192584
小市值股票,800,1.520000,192584
科技,300,19.740000,192585
通信服务,300,0.370000,192585
能源,300,0.510000,192585
必需消费品,300,12.950000,192585
非必需消费品,300,8.390000,192585
房地产,300,2.920000,192585
医疗保健,300,13.150000,192585
原材料,300,6.900000,192585
金融,300,20.690000,192585
工业,300,11.840000,192585
公用事业,300,2.540000,192585
国债,700,47.590000,192585
现金等价物,700,41.140000,192585
企业债券,700,11.270000,192585
大市值股票,800,43.930000,192585
中市值股票,800,16.560000,192585
债券,800,32.680000,192585
货币市场,800,5.320000,192585
小市值股票,800,1.510000,192585
科技,300,17.870000,192586
通信服务,300,0.370000,192586
能源,300,0.510000,192586
必需消费品,300,13.780000,192586
非必需消费品,300,8.990000,192586
房地产,300,2.910000,192586
医疗保健,300,13.520000,192586
原材料,300,6.890000,192586
金融,300,20.630000,192586
工业,300,11.990000,192586
公用事业,300,2.540000,192586
国债,700,46.490000,192586
现金等价物,700,42.320000,192586
企业债券,700,11.190000,192586
大市值股票,800,45.340000,192586
中市值股票,800,17.100000,192586
债券,800,30.680000,192586
货币市场,800,5.320000,192586
小市值股票,800,1.560000,192586
科技,300,16.650000,192587
通信服务,300,0.370000,192587
能源,300,0.510000,192587
必需消费品,300,12.840000,192587
非必需消费品,300,8.890000,192587
房地产,300,2.910000,192587
医疗保健,300,15.950000,192587
原材料,300,6.880000,192587
金融,300,20.620000,192587
工业,300,11.840000,192587
公用事业,300,2.540000,192587
国债,700,46.900000,192587
现金等价物,700,41.880000,192587
企业债券,700,11.220000,192587
大市值股票,800,44.600000,192587
中市值股票,800,17.830000,192587
债券,800,30.680000,192587
货币市场,800,5.320000,192587
小市值股票,800,1.570000,192587
科技,300,17.180000,192588
通信服务,300,0.370000,192588
能源,300,0.510000,192588
必需消费品,300,15.440000,192588
非必需消费品,300,9.660000,192588
房地产,300,2.910000,192588
医疗保健,300,11.570000,192588
原材料,300,6.890000,192588
金融,300,20.650000,192588
工业,300,12.280000,192588
公用事业,300,2.540000,192588
国债,700,46.460000,192588
现金等价物,700,42.400000,192588
企业债券,700,11.140000,192588
大市值股票,800,46.040000,192588
中市值股票,800,16.400000,192588
债券,800,30.680000,192588
货币市场,800,5.320000,192588
小市值股票,800,1.560000,192588
科技,300,16.980000,192589
通信服务,300,0.370000,192589
能源,300,0.510000,192589
必需消费品,300,13.080000,192589
非必需消费品,300,8.590000,192589
房地产,300,3.520000,192589
医疗保健,300,12.050000,192589
原材料,300,6.910000,192589
金融,300,23.560000,192589
工业,300,11.890000,192589
公用事业,300,2.540000,192589
国债,700,46.190000,192589
现金等价物,700,42.610000,192589
企业债券,700,11.200000,192589
大市值股票,800,45.670000,192589
中市值股票,800,16.760000,192589
债券,800,30.680000,192589
货币市场,800,5.320000,192589
小市值股票,800,1.570000,192589
科技,300,19.820000,192590
通信服务,300,0.370000,192590
能源,300,0.510000,192590
必需消费品,300,13.040000,192590
非必需消费品,300,8.410000,192590
房地产,300,2.910000,192590
医疗保健,300,13.020000,192590
原材料,300,6.890000,192590
金融,300,20.640000,192590
工业,300,11.850000,192590
公用事业,300,2.540000,192590
国债,700,46.090000,192590
现金等价物,700,42.700000,192590
企业债券,700,11.210000,192590
大市值股票,800,45.380000,192590
中市值股票,800,17.060000,192590
债券,800,30.680000,192590
货币市场,800,5.320000,192590
小市值股票,800,1.560000,192590
科技,300,17.910000,192591
通信服务,300,0.370000,192591
能源,300,0.500000,192591
必需消费品,300,13.820000,192591
非必需消费品,300,9.000000,192591
房地产,300,2.890000,192591
医疗保健,300,13.580000,192591
原材料,300,6.880000,192591
金融,300,20.520000,192591
工业,300,11.990000,192591
公用事业,300,2.540000,192591
国债,700,44.960000,192591
现金等价物,700,43.920000,192591
企业债券,700,11.120000,192591
大市值股票,800,46.740000,192591
中市值股票,800,17.640000,192591
债券,800,29.280000,192591
货币市场,800,4.720000,192591
小市值股票,800,1.620000,192591
科技,300,16.700000,192592
通信服务,300,0.370000,192592
能源,300,0.500000,192592
必需消费品,300,12.890000,192592
非必需消费品,300,8.910000,192592
房地产,300,2.890000,192592
医疗保健,300,15.990000,192592
原材料,300,6.870000,192592
金融,300,20.500000,192592
工业,300,11.840000,192592
公用事业,300,2.540000,192592
国债,700,45.390000,192592
现金等价物,700,43.460000,192592
企业债券,700,11.150000,192592
大市值股票,800,45.980000,192592
中市值股票,800,18.390000,192592
债券,800,29.280000,192592
货币市场,800,4.730000,192592
小市值股票,800,1.620000,192592
科技,300,17.210000,192593
通信服务,300,0.370000,192593
能源,300,0.500000,192593
必需消费品,300,15.470000,192593
非必需消费品,300,9.670000,192593
房地产,300,2.890000,192593
医疗保健,300,11.650000,192593
原材料,300,6.880000,192593
金融,300,20.540000,192593
工业,300,12.280000,192593
公用事业,300,2.540000,192593
国债,700,44.940000,192593
现金等价物,700,43.980000,192593
企业债券,700,11.080000,192593
大市值股票,800,47.450000,192593
中市值股票,800,16.930000,192593
债券,800,29.280000,192593
货币市场,800,4.730000,192593
小市值股票,800,1.610000,192593
科技,300,17.030000,192594
通信服务,300,0.370000,192594
能源,300,0.500000,192594
必需消费品,300,13.130000,192594
非必需消费品,300,8.610000,192594
房地产,300,3.490000,192594
医疗保健,300,12.130000,192594
原材料,300,6.890000,192594
金融,300,23.420000,192594
工业,300,11.890000,192594
公用事业,300,2.540000,192594
国债,700,44.650000,192594
现金等价物,700,44.220000,192594
企业债券,700,11.130000,192594
大市值股票,800,47.080000,192594
中市值股票,800,17.300000,192594
债券,800,29.280000,192594
货币市场,800,4.720000,192594
小市值股票,800,1.620000,192594
科技,300,19.830000,192595
通信服务,300,0.370000,192595
能源,300,0.500000,192595
必需消费品,300,13.090000,192595
非必需消费品,300,8.430000,192595
房地产,300,2.890000,192595
医疗保健,300,13.080000,192595
原材料,300,6.880000,192595
金融,300,20.530000,192595
工业,300,11.860000,192595
公用事业,300,2.540000,192595
国债,700,44.540000,192595
现金等价物,700,44.320000,192595
企业债券,700,11.140000,192595
大市值股票,800,46.790000,192595
中市值股票,800,17.600000,192595
债券,800,29.280000,192595
货币市场,800,4.720000,192595
小市值股票,800,1.610000,192595
科技,300,17.940000,192596
通信服务,300,0.370000,192596
能源,300,0.500000,192596
必需消费品,300,13.850000,192596
非必需消费品,300,9.020000,192596
房地产,300,2.870000,192596
医疗保健,300,13.640000,192596
原材料,300,6.860000,192596
金融,300,20.420000,192596
工业,300,11.990000,192596
公用事业,300,2.540000,192596
国债,700,43.350000,192596
现金等价物,700,45.610000,192596
企业债券,700,11.040000,192596
大市值股票,800,48.140000,192596
中市值股票,800,18.190000,192596
债券,800,27.280000,192596
货币市场,800,4.720000,192596
小市值股票,800,1.670000,192596
科技,300,16.730000,192597
通信服务,300,0.370000,192597
能源,300,0.500000,192597
必需消费品,300,12.940000,192597
非必需消费品,300,8.930000,192597
房地产,300,2.860000,192597
医疗保健,300,16.030000,192597
原材料,300,6.860000,192597
金融,300,20.400000,192597
工业,300,11.840000,192597
公用事业,300,2.540000,192597
国债,700,43.800000,192597
现金等价物,700,45.130000,192597
企业债券,700,11.070000,192597
大市值股票,800,47.370000,192597
中市值股票,800,18.950000,192597
债券,800,27.280000,192597
货币市场,800,4.730000,192597
小市值股票,800,1.670000,192597
科技,300,17.240000,192598
通信服务,300,0.370000,192598
能源,300,0.500000,192598
必需消费品,300,15.490000,192598
非必需消费品,300,9.680000,192598
房地产,300,2.870000,192598
医疗保健,300,11.730000,192598
原材料,300,6.870000,192598
金融,300,20.430000,192598
工业,300,12.280000,192598
公用事业,300,2.540000,192598
国债,700,43.340000,192598
现金等价物,700,45.670000,192598
企业债券,700,10.990000,192598
大市值股票,800,48.870000,192598
中市值股票,800,17.470000,192598
债券,800,27.280000,192598
货币市场,800,4.720000,192598
小市值股票,800,1.660000,192598
科技,300,17.050000,192599
通信服务,300,0.370000,192599
能源,300,0.500000,192599
必需消费品,300,13.170000,192599
非必需消费品,300,8.630000,192599
房地产,300,3.470000,192599
医疗保健,300,12.200000,192599
原材料,300,6.880000,192599
金融,300,23.290000,192599
工业,300,11.900000,192599
公用事业,300,2.540000,192599
国债,700,43.030000,192599
现金等价物,700,45.900000,192599
企业债券,700,11.070000,192599
大市值股票,800,48.490000,192599
中市值股票,800,17.850000,192599
债券,800,27.280000,192599
货币市场,800,4.710000,192599
小市值股票,800,1.670000,192599
科技,300,19.830000,192600
通信服务,300,0.370000,192600
能源,300,0.500000,192600
必需消费品,300,13.140000,192600
非必需消费品,300,8.460000,192600
房地产,300,2.870000,192600
医疗保健,300,13.150000,192600
原材料,300,6.860000,192600
金融,300,20.420000,192600
工业,300,11.860000,192600
公用事业,300,2.540000,192600
国债,700,42.910000,192600
现金等价物,700,46.030000,192600
企业债券,700,11.060000,192600
大市值股票,800,48.190000,192600
中市值股票,800,18.150000,192600
债券,800,27.280000,192600
货币市场,800,4.720000,192600
小市值股票,800,1.660000,192600
科技,300,17.970000,192601
通信服务,300,0.370000,192601
能源,300,0.490000,192601
必需消费品,300,13.880000,192601
非必需消费品,300,9.030000,192601
房地产,300,2.850000,192601
医疗保健,300,13.690000,192601
原材料,300,6.850000,192601
金融,300,20.330000,192601
工业,300,12.000000,192601
公用事业,300,2.540000,192601
国债,700,41.670000,192601
现金等价物,700,47.350000,192601
企业债券,700,10.980000,192601
大市值股票,800,49.540000,192601
中市值股票,800,18.740000,192601
债券,800,25.280000,192601
货币市场,800,4.720000,192601
小市值股票,800,1.720000,192601
科技,300,16.780000,192602
通信服务,300,0.370000,192602
能源,300,0.490000,192602
必需消费品,300,12.980000,192602
非必需消费品,300,8.940000,192602
房地产,300,2.840000,192602
医疗保健,300,16.070000,192602
原材料,300,6.840000,192602
金融,300,20.300000,192602
工业,300,11.850000,192602
公用事业,300,2.540000,192602
国债,700,42.140000,192602
现金等价物,700,46.860000,192602
企业债券,700,11.000000,192602
大市值股票,800,48.750000,192602
中市值股票,800,19.520000,192602
债券,800,25.280000,192602
货币市场,800,4.720000,192602
小市值股票,800,1.730000,192602
科技,300,17.270000,192603
通信服务,300,0.370000,192603
能源,300,0.490000,192603
必需消费品,300,15.510000,192603
非必需消费品,300,9.690000,192603
房地产,300,2.850000,192603
医疗保健,300,11.800000,192603
原材料,300,6.860000,192603
金融,300,20.340000,192603
工业,300,12.280000,192603
公用事业,300,2.540000,192603
国债,700,41.670000,192603
现金等价物,700,47.410000,192603
企业债券,700,10.920000,192603
大市值股票,800,50.290000,192603
中市值股票,800,18.000000,192603
债券,800,25.280000,192603
货币市场,800,4.720000,192603
小市值股票,800,1.710000,192603
科技,300,17.090000,192604
通信服务,300,0.370000,192604
能源,300,0.490000,192604
必需消费品,300,13.210000,192604
非必需消费品,300,8.650000,192604
房地产,300,3.440000,192604
医疗保健,300,12.270000,192604
原材料,300,6.870000,192604
金融,300,23.170000,192604
工业,300,11.900000,192604
公用事业,300,2.540000,192604
国债,700,41.330000,192604
现金等价物,700,47.680000,192604
企业债券,700,10.990000,192604
大市值股票,800,49.890000,192604
中市值股票,800,18.390000,192604
债券,800,25.280000,192604
货币市场,800,4.720000,192604
小市值股票,800,1.720000,192604
科技,300,19.860000,192605
通信服务,300,0.370000,192605
能源,300,0.490000,192605
必需消费品,300,13.170000,192605
非必需消费品,300,8.470000,192605
房地产,300,2.850000,192605
医疗保健,300,13.210000,192605
原材料,300,6.850000,192605
金融,300,20.330000,192605
工业,300,11.860000,192605
公用事业,300,2.540000,192605
国债,700,41.210000,192605
现金等价物,700,47.800000,192605
企业债券,700,10.990000,192605
大市值股票,800,49.590000,192605
中市值股票,800,18.700000,192605
债券,800,25.280000,192605
货币市场,800,4.720000,192605
小市值股票,800,1.710000,192605
科技,300,17.980000,192606
通信服务,300,0.370000,192606
能源,300,0.490000,192606
必需消费品,300,13.920000,192606
非必需消费品,300,9.050000,192606
房地产,300,2.830000,192606
医疗保健,300,13.750000,192606
原材料,300,6.840000,192606
金融,300,20.230000,192606
工业,300,12.000000,192606
公用事业,300,2.540000,192606
国债,700,39.870000,192606
现金等价物,700,49.230000,192606
企业债券,700,10.900000,192606
大市值股票,800,50.940000,192606
中市值股票,800,19.290000,192606
债券,800,23.280000,192606
货币市场,800,4.720000,192606
小市值股票,800,1.770000,192606
科技,300,16.810000,192607
通信服务,300,0.370000,192607
能源,300,0.490000,192607
必需消费品,300,13.020000,192607
非必需消费品,300,8.950000,192607
房地产,300,2.830000,192607
医疗保健,300,16.100000,192607
原材料,300,6.830000,192607
金融,300,20.210000,192607
工业,300,11.850000,192607
公用事业,300,2.540000,192607
国债,700,40.350000,192607
现金等价物,700,48.720000,192607
企业债券,700,10.930000,192607
大市值股票,800,50.140000,192607
中市值股票,800,20.080000,192607
债券,800,23.280000,192607
货币市场,800,4.720000,192607
小市值股票,800,1.780000,192607
科技,300,17.310000,192608
通信服务,300,0.370000,192608
能源,300,0.490000,192608
必需消费品,300,15.520000,192608
非必需消费品,300,9.690000,192608
房地产,300,2.830000,192608
医疗保健,300,11.880000,192608
原材料,300,6.850000,192608
金融,300,20.240000,192608
工业,300,12.280000,192608
公用事业,300,2.540000,192608
国债,700,39.870000,192608
现金等价物,700,49.290000,192608
企业债券,700,10.840000,192608
大市值股票,800,51.700000,192608
中市值股票,800,18.540000,192608
债券,800,23.280000,192608
货币市场,800,4.720000,192608
小市值股票,800,1.760000,192608
科技,300,17.130000,192609
通信服务,300,0.370000,192609
能源,300,0.490000,192609
必需消费品,300,13.240000,192609
非必需消费品,300,8.660000,192609
房地产,300,3.420000,192609
医疗保健,300,12.340000,192609
原材料,300,6.860000,192609
金融,300,23.050000,192609
工业,300,11.900000,192609
公用事业,300,2.540000,192609
国债,700,39.500000,192609
现金等价物,700,49.590000,192609
企业债券,700,10.910000,192609
大市值股票,800,51.300000,192609
中市值股票,800,18.930000,192609
债券,800,23.280000,192609
货币市场,800,4.720000,192609
小市值股票,800,1.770000,192609
科技,300,19.860000,192610
通信服务,300,0.370000,192610
能源,300,0.490000,192610
必需消费品,300,13.210000,192610
非必需消费品,300,8.490000,192610
房地产,300,2.830000,192610
医疗保健,300,13.270000,192610
原材料,300,6.840000,192610
金融,300,20.230000,192610
工业,300,11.870000,192610
公用事业,300,2.540000,192610
国债,700,39.380000,192610
现金等价物,700,49.700000,192610
企业债券,700,10.920000,192610
大市值股票,800,50.990000,192610
中市值股票,800,19.250000,192610
债券,800,23.280000,192610
货币市场,800,4.720000,192610
小市值股票,800,1.760000,192610
科技,300,18.020000,192611
通信服务,300,0.370000,192611
能源,300,0.490000,192611
必需消费品,300,13.950000,192611
非必需消费品,300,9.060000,192611
房地产,300,2.810000,192611
医疗保健,300,13.790000,192611
原材料,300,6.830000,192611
金融,300,20.140000,192611
工业,300,12.000000,192611
公用事业,300,2.540000,192611
国债,700,37.950000,192611
现金等价物,700,51.240000,192611
企业债券,700,10.810000,192611
大市值股票,800,52.350000,192611
中市值股票,800,19.840000,192611
债券,800,21.280000,192611
货币市场,800,4.710000,192611
小市值股票,800,1.820000,192611
科技,300,16.850000,192612
通信服务,300,0.370000,192612
能源,300,0.480000,192612
必需消费品,300,13.060000,192612
非必需消费品,300,8.970000,192612
房地产,300,2.810000,192612
医疗保健,300,16.130000,192612
原材料,300,6.820000,192612
金融,300,20.120000,192612
工业,300,11.850000,192612
公用事业,300,2.540000,192612
国债,700,38.450000,192612
现金等价物,700,50.710000,192612
企业债券,700,10.840000,192612
大市值股票,800,51.530000,192612
中市值股票,800,20.650000,192612
债券,800,21.280000,192612
货币市场,800,4.710000,192612
小市值股票,800,1.830000,192612
科技,300,17.330000,192613
通信服务,300,0.370000,192613
能源,300,0.490000,192613
必需消费品,300,15.540000,192613
非必需消费品,300,9.700000,192613
房地产,300,2.810000,192613
医疗保健,300,11.940000,192613
原材料,300,6.840000,192613
金融,300,20.160000,192613
工业,300,12.280000,192613
公用事业,300,2.540000,192613
国债,700,37.960000,192613
现金等价物,700,51.280000,192613
企业债券,700,10.760000,192613
大市值股票,800,53.120000,192613
中市值股票,800,19.070000,192613
债券,800,21.280000,192613
货币市场,800,4.720000,192613
小市值股票,800,1.810000,192613
科技,300,17.150000,192614
通信服务,300,0.370000,192614
能源,300,0.490000,192614
必需消费品,300,13.280000,192614
非必需消费品,300,8.680000,192614
房地产,300,3.390000,192614
医疗保健,300,12.400000,192614
原材料,300,6.850000,192614
金融,300,22.940000,192614
工业,300,11.910000,192614
公用事业,300,2.540000,192614
国债,700,37.560000,192614
现金等价物,700,51.600000,192614
企业债券,700,10.840000,192614
大市值股票,800,52.710000,192614
中市值股票,800,19.470000,192614
债券,800,21.280000,192614
货币市场,800,4.720000,192614
小市值股票,800,1.820000,192614
科技,300,19.860000,192615
通信服务,300,0.370000,192615
能源,300,0.490000,192615
必需消费品,300,13.250000,192615
非必需消费品,300,8.510000,192615
房地产,300,2.810000,192615
医疗保健,300,13.320000,192615
原材料,300,6.830000,192615
金融,300,20.150000,192615
工业,300,11.870000,192615
公用事业,300,2.540000,192615
国债,700,37.430000,192615
现金等价物,700,51.740000,192615
企业债券,700,10.830000,192615
大市值股票,800,52.400000,192615
中市值股票,800,19.790000,192615
债券,800,21.280000,192615
货币市场,800,4.720000,192615
小市值股票,800,1.810000,192615
